id,parent_id,respond,Freetext,intent_name,sample_text1,sample_text2,sample_text3,sample_text4,sample_text5,sample_text6,sample_text7,sample_text8,sample_text9,sample_text10,sample_text11,sample_text12,sample_text13,sample_text14,sample_text15,sample_text16,sample_text17,sample_text18,sample_text19,sample_text20,sample_text21,sample_text22,sample_text23,sample_text24,sample_text25,sample_text26,sample_text27,sample_text28,sample_text29,sample_text30,sample_text31,sample_text32,sample_text33,sample_text34,sample_text35,sample_text36,sample_text37,sample_text38,sample_text39,sample_text40,sample_text41,sample_text42,sample_text43,sample_text44,sample_text45,sample_text46,sample_text47,sample_text48,sample_text49,sample_text50,sample_text51,sample_text52,sample_text53,sample_text54,sample_text55,sample_text56,sample_text57,sample_text58,sample_text59,sample_text60,sample_text61,sample_text62,sample_text63,sample_text64,sample_text65,sample_text66,sample_text67,sample_text68,sample_text69,sample_text70,sample_text71,sample_text72,sample_text73,sample_text74,sample_text75,sample_text76,sample_text77,sample_text78,sample_text79,sample_text80,sample_text81,sample_text82,sample_text83,sample_text84,sample_text85,sample_text86,sample_text87,sample_text88,sample_text89,sample_text90,sample_text91,sample_text92,sample_text93,sample_text94,sample_text95,sample_text96,sample_text97,sample_text98,sample_text99,sample_text100,sample_text101,sample_text102,sample_text103,sample_text104,sample_text105,sample_text106,sample_text107,sample_text108,sample_text109,sample_text110,sample_text111,sample_text112,sample_text113,sample_text114,sample_text115,sample_text116,sample_text117,sample_text118,sample_text119,sample_text120,sample_text121,sample_text122,sample_text123,sample_text124,sample_text125,sample_text126,sample_text127,sample_text128
141,List Merchant Penjualan Jakcard,"Berikut kami informasikan List Merchant Penjualan Jakcard:
1. Taman Margasatwa Ragunan
2. Monas (Monumen Nasional)
3. TransJakarta (Royaltrans, Metrotrans,Mikrotrans)

4. Museum Bahari:
- Rumah Pitung
- Pulau Onrust
- Pulau CIpir
- Pulau Kelor

5. Museum Seni dan Keramik:
- Museum Wayang
- Museum Tekstil

(Bubble)
6. Museum Kesejarahan:
- Museum Fatahillah
- Museum Joang 45
- Museum Prasasti
- Museum MH Thamrin

7. Dinas Pemuda dan Olahraga
- Kolam Renang Kebon Jahe Jak pus
- Kolam Renang Gelanggang Remaja Jak pus
- Kolam Renang Gelanggang Remaja Jak ut
- Kolam Renang Rawa Badak Jak pus
- Kolam Renang Sunter Jak ut
- Kolam Renang Grogol Gelanggang Remaja Jak bar
- Kolam Renang Otista Gelanggang Remaja Jak tim
- Kolam Renang Bulungan Gelanggang Remaja Jak sel
- Kolam Renang Ciracas Jak tim
- Kolam Renang Pusat Pelatihan Olahraga Pelajar

(Bubble)
8. Railink
9. Vending Machine Kartu:
- Taman Margasatwa Ragunan
- Ancol

10. Pelabuhan Kaliadem
11. Planetarium
12. MRT
13. Ancol
14. LRT
15. Toll (Ruas Tertentu):
- Info lengkap ruas tol tertentu bit.ly/pakai jakcard ",Dimana saya bisa melakukan pembelian dan Top Up kartu JakCard?,usr.dki_list_merchant_penjualan_jakcard,beli jakcard bisa dimana aja,info daftar tempat pembelian jakcard,kalau mau beli jakcard bisa di tempat mana aja ya?,list tempat yang menjual jakcard,"min info dong pengen beli jakcard, bisa dimana aja sih","kalau mau beli jakcard, bisa dimana ya",dimana tempat saya bisa beli jakcard,daftar tempat yang menyediakan jakcard,min mau nanya kalau beli jakcard bisa dimana ya?,"info dong min, tempat mana aja yang nyedian pembelian jakcard",jakcard bisa dibeli di mana aja sih min,"saya butuh jakcard buat mrt, bisa beli dimana ya","saya pengen beli jakcard buat bisa dipake bayar kereta, list tempat yang ngejual min",Jakcard bisa dibeli di mana aja ya?,Ada info gak soal tempat beli Jakcard?,"Lagi cari Jakcard, tau gak di mana bisa dapetin?",List tempat jualan Jakcard dong.,"Min, mau info dong, beli Jakcard bisa di mana?","Mau beli Jakcard, tapi di mana ya?",Di mana sih tempat beli Jakcard?,Ada daftar tempat yang jual Jakcard gak?,"Min, mau nanya dong, beli Jakcard bisa di mana ya?","Info dong, Min, di mana bisa beli Jakcard?","Jakcard tuh bisa dibeli di mana aja ya, Min?","Butuh Jakcard buat MRT, dimana bisa beli ya?","Pengen beli Jakcard buat bayar kereta, ada list tempat jualannya gak ya, Min?",yang jual jakcard ada dimana aja ya min,kasih tau dong min jakcard bisa dibeli dimana aja,"mau beli jakcard buat bayar mrt, tempat yang ngejual dimana aja",list daftar tempat yang menjual jakcard,merchant yang jual jakcard ada dimana aja sih,daftar merchant jakcard,"saya pengen punya jakcard, buat tap kereta, dijual dimana aja ya","pengen topup jakcard, bisa dimana aja sih",mau top up jakcard,top up jakcard bisa dilakukan di mana aja,"saya penasaran, kalau mau top up jakcard di tempat mana ","aku mau top up jakcard,  langsung ditempat stasiun gitu bisa nggak sih","tempat yang nyedian top up jakcard, kebetulan saldo habis","saldo jakcard habis, kalau mau top up bisa dimana?","ini saya mau pake jakcard buat kereta tapi saldonya habis, bisa top up dimana aja a","pengen pake jakcard buat transjakarta, belinya bisa dimana sih","saldo di jakcard habis, kalau topup bisa dimana aja ya",daftar merchant yang menyediakan top up jakcard,info topup jakcard,kasih tau dong tempat beli jakcard,"Aku penasaran nih, kalo mau nambahin saldo Jakcard, di mana ya?","Eh, kalo aku pengen isi saldo Jakcard, langsung di stasiun gitu bisa ga ya?",Di mana sih tempat yang bisa isi saldo Jakcard? Soalnya saldo aku abis nih.,"Wah, saldo Jakcard aku udah abis nih, tapi kalo mau isi lagi bisa di mana ya?","Nih, aku mau pake Jakcard buat naik kereta tapi isinya kosong, bisa diisi ulang di mana ya?","Pengen pake Jakcard buat naik Transjakarta, tapi belinya di mana ya?","Isi saldo di Jakcard habis, kalo mau isi lagi bisa di mana ya?",Tau gak daftar tempat yang bisa isi saldo Jakcard?,Ada info soal nambahin saldo Jakcard gak ya?,Kasih tau dong di mana aku bisa beli Jakcard.,"pengen isi saldo jakcard buat transjakarta, bisa dimana?",list tempat isi sald o jakcard,,,,,,,,,,,,,,,,,,,,,,,,,,,,,,,,,,,,,,,,,,,,,,,,,,,,,,,,,,,,,,,,,,,,,,
142,Kode Status E - Dapem,"Ketentuan Kode Status Nasabah Pensiun : KODE PASIF
- Kode 30 (Tidak diambil):
• Kode yang tertera otomatis pada notas setelah dana masuk ke rekening
• Apabila dalam 1 notas terdapat kode 30 selama 6 bulan dapem berturut turut, maka kondisi tersebut akan terbaca sebagai rekening pasif oleh sistem, meskipun sudah dilakukan buka blokir apabila buka blokir dilakukan TANPA otentikasi update kode status

(Bubble)
Ketentuan Kode Status Nasabah Pensiun : KODE CAIR
- Kode 11 (Diambil Sendiri)
• Kode yang menjelaskan penerima pensiun telah melakukan Otentikasi ke kantor bayar (misalnya Mengambil uang pensiun sebagian/ seluruhnya, mencetak buku tabungan,mengganti buku tabungan)
•Kode 11 dapat berdampak membuka kode blokir selain pada bulan berkenaan juga pada bulan ke belakang dan pembukaan kode otentikasi berkala

- Kode 12 (Layanan Kunjungan Nasabah)
• Kode yang menjelaskan bahwa petugas mitra bayar menyakini bahwa penerima pensiun masih berhak terhadap uang pensiun tersebut dengan mengunjungi nasabah
• Kode 12 dapat berdampak membuka kode blokir selain pada bulan berkenaan juga pada bulan ke belakang dan pembukaan kode otentikasi berkala

- Kode 22 (Surat Kuasa)
• Kode yang menjelaskan bahwa uang pensiun diambil oleh penerima kuasa dengan menggunakan surat kuasa yang diberikan oleh penerima pensiun yang disebabkan berhalangan hadir
• Penggunaan 1 surat kuasa berlaku hanya untuk otentikasi dalam 1 ( bulan berjalan
• Otentikasi dengan surat kuasa berlaku digunakan selama 3 (bulan) berturut turut dan selama pemberi kuasa masih hidup
• Otentikasi menggunakan surat kuasa dapat dilakukan secara online melalui aplikasi e Dapem, sedangkan untuk ketentuan tarik tunai menggunakan surat kuasa mengikuti ketentuan yang berlaku

(Bubble)
Ketentuan Kode Status Nasabah Pensiun : KODE CAIR
- Kode 23 (Surat Pencairan Pembayaran Pensiun Terusan)
• Kode yang menjelaskan bahwa uang pensiun berhak diterima ahli waris karena penerima pensiun meninggal dunia namun masih berhak pensiun terusan (misalnya 4 bln, 6 bln, 12 bln atau 18 bln)
• Filosofi pemberian Pensiun terusan yaitu : Agar tidak terjadi kepakuman penghasilan bagi janda/duda pensiunan yang meninggal dunia
• Rekening tidak boleh ditutup sebelum konfirmasi ke Taspen

- Kode 24 (Surat Pencairan Pembayaran Pensiun Peninggalan)
• Kode yang menjelaskan bahwa uang pensiun berhak diterima ahli waris karena penerima pensiun meninggal dan tidak berhak menerima pensiun terusan / stop punah, namun masih mempunyai hak bulan bulan sebelumnya yang belum diambil. Diambil dengan Surat Pencairan Pembayaran Pensiun Peninggalan yang diterbitkan oleh TASPEN pada saat pengajuan UDW
• Rekening tidak boleh ditutup sebelum konfirmasi ke Taspen

- Kode 25 (Surat Pencairan Rekening Pasif)
• Kode yang menjelaskan bahwa penerima pensiun masih berhak atas uang pensiunnya yang belum diotentikasi selama 6 bulan atau lebih berturut turut. Diambil dengan Surat Pencairan Rekening Pasif yang diterbitkan oleh TASPEN setelah dilakukan pemeriksaan/verifikasi
• Apabila pembayaran pensiunan berdasarkan Surat Pencairan Rekening Pasif yang diterbitkan PT Taspen (Persero) maka mitra memberikan kode statusnya menjadi 25

(Bubble)
Ketentuan Kode Status Nasabah Pensiun : KODE RETUR
- Kode 33 (Saldo Uang Pensiun 3)
Kode yang menyatakan bahwa uang pensiun yang tidak berhak diambil pada kantor bayar perbankan

- Kode 34 (Saldo Uang Pensiun 4)
Kode yang menyatakan bahwa uang pensiun telah dipertanggungjawabkan oleh kantor bayar perbankan dan bukan bagian saldo pada LSUP

- Kode 35 (Tidak Dapat Dipindahbukukan)
Kode yang menyatakan bahwa uang pensiun tidak dapat dipindahbukukan oleh kantor bayar dan dilaporkan tersendiri (tidak masuk LRPP dan LSUP)

- Kode 98
Kode yang menyatakan UDW punah dari PT TASPEN (masuk Dropping Dana)

- Kode 99
Kode yang menyatakan UDW punah dari PT TASPEN (tidak masuk Dropping Dana)","Apa yang dimaksud dengan kode status E-dapem?
kode status ",usr.dki_kode_status_edapem,bisa jelasin kode status yang ada di e dapem nggak?,kode status e dapem,boleh dong infoin ke aku daftar kode status di e dapem,"ini di e dapem ada semacam kode status, maksudnya apa ya",ada kode angka di e dapem saya,tolong infoin dong maksud kode angka di e dapem saya apaan yah?,saya mau nanya kode kode angka yang ada di dapem saya ini artinya apa?,boleh tolong jelasin ke saya nggak maksud kode angka pada e dapem,jelaskan kode status yang ada pada e dapem,"di e dapem ada semacam kode angka, kasih tau dong maksudnya apa",kasih tau saya kode status yang ada di e dapem,Bisa jelaskan itu kode apa aja sih yang muncul di dapem?,kode yang muncul di e dapem,Coba infokan ke aku list kode yang ada di e dapem.,"Ada kode aneh di e dapem, maksudnya apa ya?","Nemu kode di e dapem, ada yang bisa bantu jelasin gak?","Tolong dong, apa arti dari kode yang muncul di dapem saya?","Gak ngerti nih, angka yang ada di e dapem?",min bisa bantu jelasin nggak maksud angka yang ada di dapem?,Gimana sih maksud dari kode status yang muncul di e dapem?,"ada angka di e dapem, boleh dikasih tahu maksudnya?","Bisa kasih tau gak, apa arti dari kode status yang muncul di e dapem?",angka yang muncul di aplikasi e dapem,saya masih awam status yang ada pada e dapem maksudnya apa ya,angka pada e dapem,di akun rekening taspen saya ada kode status,kode yang ada pada akun rekening taspen,ini kode status yang di taspen saya maksudnya apa yah?,di taspen saya ada semacam kode gitu,min mau nanya angka status yang ada di akun taspen itu apa?,lu bisa jelasin kagak maksud kode angka yang ada di taspen,saya minta bantuan kasih tau maksud status yang ada di akun taspen,"mau klaim dana pensiun, maksud kode status di akun saya apa ya?","saya rencana mau ambil dana penisun orang tua saya, boleh jelasin maksud statusnya nggak","ingin mencairkan dana pensiun, kasih tau status di akun saya artinya apa dong","kalau mau cairkan uang pensiun, ini kok ada semacam angka kode gitu yah","mau ambil dana pensiun, ada semacam kode di akun saya",boleh infoin maksud status di akun nasabah e dapem saya?,"orang tua saya sudah meninggal, untuk memastikan dana pensiunnya bagaimana ya ","maaf orang tua saya sudah tiada, bagaimana cara cari tau uang pensiunnya","orang tua saya ingin mengambil dana pensiun, cara pastiinnya gimana ya?",ingin memastikan kode status yang muncul di akun rekening pensiun orang tua saya,mau mastiin status yang ada pada akun taspen orang tua,saya mau cari tau info kode status yang muncul pada rekening taspen saya,"Orang tua aku udah nggak ada, gimana caranya nyari info soal duit pensiunnya?",Mau pastiin kode status yang nongol di akun pensiun bokap gue,saya mau ngecek status di akun pensiun bokap.,aku pengen tau info kode status yang muncul di rekening pensiun,"ini ribet banget, kode status yang ada di akun taspen saya apa yah?","tolong dong kok ribet banget sih, maksudnya kode yang ada di akun taspen apaan","kok susah banget sih, jelasin angka yang muncul di akun taspen",mau mastiin kode angka yang ada di e dapem,"tolong dong ini kok infonya minim banget, maksud kode yang ada di akun e dapem itu apa",info kode angka yang muncul pada dapem,dapem kayak ada semacam kode angka,kode angka yang ada di akun dapem,pastiin perubahan kode yang ada di e dapem,"kode yang ada di akun taspen berubah, maksudnya apa ya",status yang ada di rekening dapem berganti,"ini kok status yang ada di akun taspen bisa berubah, artinya apaan?",,,,,,,,,,,,,,,,,,,,,,,,,,,,,,,,,,,,,,,,,,,,,,,,,,,,,,,,,,,,,,,,,,,,
143,Metode Pembayaran,"Berikut kami informasikan Metode Pembayaran E-Retribusi:
1. Pembayaran secara tunai melalui teller
2. Pembayaran secara pindahbuku melalui teller
3. Pembayaran melalui ATM
4. Pembayaran melalui EDC","- Bagaimana saya dapat melakukan pembayaran retribusi?
- Apakah saya bisa melakukan pembayaran retribusi melalui Bank Lain?
- Apakah saya bisa melakukan pembayaran retribusi secara tunai ?
- Bagaimana saya dapat mengetahui nomor pembayaran retribusi?",usr.dki_metode_pembayaran,Bagaimana saya dapat melakukan pembayaran retribusi?,Apakah saya bisa melakukan pembayaran retribusi melalui Bank Lain?,Apakah saya bisa melakukan pembayaran retribusi secara tunai,pembayaran retribusi bisa melalui apa aja?,info metode pembayaran retribusi,boleh kasih tau cara bayar retribusi bisa pake apa aja,"mau bayar retribusi, bisa via apa aja sih","kalau mau bayar retribusi, bisa transfer lewat apa?",opsi pembayaran retribusi,transfer buat uang retribusi ,apa bisa membayar uang retribusi menggunakan bank lain,"mau nanya min, apa bisa bayar uang retribusi bukan melalui bank dki","selain bank dki, apa bisa bayar retribusi juga kah min?","pengen bayar retribusi, opsi pembayarannya apa saja",gimana caranya bayar retribusi,Bisa gak bayar retribusi lewat bank lain,Bisa bayar retribusi pake cash juga gak sih?,"cara bayar retribusi gimana ya, apa bisa melalu va",Ada info cara bayar retribusi gak nih?,bayar retribusi bisa pake uang cash langsung nggak,"Gue mau bayar retribusi, bisa lewat va nggak ya","Kalo mau bayar retribusi, bisa transfer pake apa ya?",Ada opsi pembayaran buat retribusi gak?,Transfer buat bayar retribusi,"apa mungkin bayar retribusi lewat bank lain, seperti bank bca","aku mau nanya, bisa gak bayar retribusi tanpa lewat bank DKI tapi lewat bank lain","Selain bank DKI, masih ada opsi bayar retribusi gak nih?","Gue pengen bayar retribusi, ada cara lain selain lewat atm kah","selain lewat atm, bisa bayar retribusi pake cara apa lagi ya",cara dapetin nomor pembayaran retribusi gimana,min mau nanya bagaimana cara dapet nomor pembayaran retribusi,gimana ya cara tau nomor pembayaran retribusi saya,nomor pembayaran retribusi bisa di dapat melalui cara apa?,min disini bisa cari info untuk pembayaran retribusi nggak sih,disini bisa cari tau nomor pembayaran retribusi nggak ya?,info nomor pembayaran retribusi,uang retribusi bisa bayar lewat e wallet nggak sih,kalau mau bayar uang retribusi bisa pake uang cash nggak?,kasih tau dong min pembayaran uang retribusi bisa melalui apa saja,"nggak punya rekening bank dki, apa bisa menggunakan bank lain untuk bayar retribusi","buat bayar retribusi bisa nggak sih bayar pake bank lain, kayak pake va gitu",pake va buat pembayaran retribusi bisa kan ya,Cara dapetin nomor pembayaran retribusi tu gimana sih?,"Mau nanya, gimana caranya dapet nomor pembayaran retribusi?",Gimana ya cara tau nomor pembayaran retribusi gue?,Nomor pembayaran retribusi bisa dapetin lewat cara apa ya?,"Eh, bisa cari info buat bayar retribusi di sini nggak?",Bisa tau nggak ya nomor pembayaran retribusi di sini?,Info tentang nomor pembayaran retribusi dong.,Uang retribusi bisa bayar pake e-wallet ga sih?,"Kalo mau bayar retribusi, bisa pake cash ga ya?",Kasih tau dong cara bayar retribusi bisa lewat apa aja.,"Gue ga punya rekening bank DKI, bisa bayar pake bank lain ga buat retribusi?","Buat bayar retribusi, bisa ga ya pake bank lain, kayak pake VA gitu?",Pake VA buat bayar retribusi bisa kan ya?,"saya mau bayar uang retribusi, gimana yah caranya",metode transfer buat bayar retribusi,bayar retribusi pake uang langsung bisa kan ya? saya lagi males ke atm,info opsi pembayaran uang retribusi selain melalui atm,bayar retribusi lewat online bisa nggak sih?,pembayaran retribusi via online apa memungkinkan,apa bisa bayar retribusi langsung lewat teller bank?,bayar uang retribusi lewat teller bisa kan ya,,,,,,,,,,,,,,,,,,,,,,,,,,,,,,,,,,,,,,,,,,,,,,,,,,,,,,,,,,,,,,,,,
144,Syarat dan Ketentuan SDB,"Berikut kami informasikan Syarat dan Ketentuan:
Persyaratan :
1. Memiliki rekening Tabungan/Giro di Bank DKI
2. Membayarkan deposit sebesar Rp 1.000.000, sebagai jaminan kunci *
*) Jaminan harus dibayarkan apabila Nasabah menghilangkan kunci.

Ketentuan Biaya Denda :
Jumlah tertentu yang wajib dibayarkan oleh Penyewa SDB apabila terjadi keterlambatan dalam melakukan pembayaran perpanjangan SDB.

Ukuran dan Biaya 
[image]","- Apa saja syarat dan ketentuan pembukaan SDB?
- Ada ukuran berapa saja yang bisa di ajukan SDB?
- Apakah ada denda atau biaya lain SDB?",usr.dki_sdb_sk,Syarat dan Ketentuan SDB,Apa bisa berikan saya syarat dan ketentuan yang berlaku untuk SDB?,s&k safe deposit box,syarat-syarat untuk membuka sdb,untuk pengajuan sdb apa saja persyaratannya,bagaimana dengan persyaratan untuk pengajuan sdb ,apa ada info untuk pengajuan safe deposit box,ketentuannya apa aja kalau mau ngajuin safe deposit box,info syarat dan ketentuan sdb,apa saja yang menjadi ketentuan kalau mau ngajuin sdb,sdb itu apa saja ketentuan untuk pengajuannya,disini ada info tentang syarat dan ketentuan nggak?,aku butuh info tentang syarat untuk ngajuin sdb,dimana saya bisa mendapatkan info jika saya ingin mengajukan sdb?,apa bisa bantu saya untuk mendapatkan info tentang sk pengajuan sdb?,sk pengajuan sdb,safe deposit box apa saja s&k nya kalau ingin mengajukan?,bagaima jika saya ingin mengajukan safe deposit box,saya ingin mengajukan sdb,apa ada info terkain pengajuan sdb,saya sedang mencari info untuk s&k pengajuan safe deposit box,info s&k pengajuan sdb dong,"pengen ngajuin sdb nih, ada info nggak?",pengajuab sdb itu apa aja syarat dan ketentuannya?,minta sk pengajuan sdb dong,pengajuab sdb,bisa infoin ketentuan dan syarat untuk ngajuin sdb?,aku butuh ketentuan dan syarat untuk ngajuin safe deposit box,kasih aku info untuk pengajuan safe deposit box dong,gimana yah jika ingin mengajukan safe deposit box,apa ada info tentang sk sdb?,sk untuk ngajuin sdb itu gimana?,ngajuin sdb itu apa saja persyaratannya,"aku mau ngajuin sdb, apa bisa diinfoin syarat dan ketentuan",syarat dan ketentuan untuk pengajuan sdb,apa saja syarat dan ketentuan untuk mengajukan sdb,sdb itu syarat pengajuannya apa aja?,apa disini disediakan info terkait sk sdb?,"lagi nyari sk sdb, apa ada infonya?","aku mau pengajuan sdb, minta sk nya yah",bisa berikan saya info tentang s&k sdb?,aku butuh s&k sdb sekarang,bisa kasih aku info tentang s&k sdb sekarang?,s&k sdb itu apa aja,sdb itu apa aja ketentuan untuk ngajuinnya,apa ada info untuk ngajuin sdb apa aja syaratnya?,safe deposit box kalau mau ngajuin apa s&k nya,syarat dan ketentuan sdb itu apa aja?,Ada info tentang ketentuan dan syarat untuk buat sdb nggak?,"saya mau membuat sdb, gimana ketentuan dan syaratnya",untuk pembuatan sdb apa saja ketentuan dan syaratnya?,pembuatan sdb itu apa aja ketentuannya,"saya ingin membuat sdb, tapi belum tau ketentuan dan syaratnya, apa bisa diinfokan",disini info untuk pembuatan sdb itu gimana ketentuan dan syarat,bagaimana untuk ketentuan dan syarat untuk membuat sdb?,,,,,,,,,,,,,,,,,,,,,,,,,,,,,,,,,,,,,,,,,,,,,,,,,,,,,,,,,,,,,,,,,,,,,,,,,
145,Lokasi Layanan SDB,"Berikut kami informasikan Lokasi Layanan SDB:
❖ Cabang Balaikota
❖ Cabang Cempaka Mas
❖ Cabang Bogor
❖ Cabang Kebayoran Baru",Dimana saja cabang Bank DKI yang dapat melakukan pengajuan SDB?,usr.dki_lokasi_layanan_sdb,Dimana saja cabang Bank DKI yang dapat melakukan pengajuan SDB?,cabang bank dki yang bisa untuk ngajuin sdb,lokasi cabang bank dki yang menerima pengajuan sdb,pengajuan sdb itu bisa dilakukan dimana saja?,cabang bank dki yang melayani sdb dimana saja?,cabang bank dki yang melayani pembuatan sdb itu dimana saja?,pembuatan sdb itu cabangnya dimana saja?,ngajuin sdb itu bisa di cabang mana saja?,pembuatan safe deposit box itu bisa dimana saja?,cabang dki yang melayani untuk pembuatan sdb dimana saja?,"aku mau buat sdb, cabang yang melayani itu dimana saja?",cabang bank dki yang melayani safe deposit box,safe deposit box bisa dibuat dimana aja?,"aku ada rencana untuk ngajuin sdb, cabang yang melayani sdb dimana aja?",bisa bantuin aku nyari cabang bank dki yang bisa ngelayanin sdb?,cabang bank dki yang menerima pengajuan sdb,lokasi bank dki yang menerima pengajuan sdb,"ini saya mau ngajuin sdb, untuk lokasi cabangnya dimana yah",cabak dki yeng melayani pengajuan sdb,"aku kan mau ngajuin sdb, itu aku harus kemana yah?",ada info tentang cabang dki yang melayani sdb?,pembutan sdb itu dilayani di cabang mana aja?,ada info lokasi cabang yang bisa melakukan pengajuan sdb?,safe deposit box itu lokasi yang bisa melakukan pengajuan dimana?,pengajuan safe deposit box itu bisa dilakukan di cabang mana?,yang bisa mellakukan pengajuan safe deposit box itu cabang mana saja,Dimana saja cabang yang bisa melakukan pengajuan safe deposit box,apa ada info tentang lokasi cabang yang bisa melakukan pengajuan safe deposit box?,daftar cabang yang melayani pengajuan sdb,berikan saya daftar bank yang melayani pengajuan sdb,apa ada info terkait lokasi yang bisa melakukan pengajuan sdb?,pengajuan sdb bisa dilakukan dimana saja?,apa ada info tentang cabang yang bisa melakukan safe deposit box?,ada info tentang lokasi yang melayani safe deposit box,aku sedang mencari info tentang cabang yang melayani safe deposit box,untuk safe deposit box cabang mana saya yang bisa melakukan pengajuan?,saya ingin mengajukan sdb tapi nggak tau lokasi yang bisa melayani dimana saja,untuk sdb itu lokasi mana saja yang bisa melakukan pengajuan,"saya ada rencana mengajukan sdp, lokasi yang melayani dimana saja?",lokasi mana saja yang melayani pengajuan sdb,lokasi cabang untuk melakukan pengajuan sdb,cabang bank dki yang melayani pengajuan sdp,berikan saya info tentang cabang yang melayani pengajuan sdb,sdb ini dilayani dicabang mana aja?,info lokasi cabang yang melayani sdb,berikan saya info untuk cabang yang menerima pengajuan sdb,"kalau mau ngajuin sdb, cabang mana saja yang bisa?",disini ada info lokasi yang menrima pengajuan sdb nggak?,aku butuh info lokasi cabang yang menerima pengajuan sdb,list lokasi cabang yang menerima pengajuan sdb,,,,,,,,,,,,,,,,,,,,,,,,,,,,,,,,,,,,,,,,,,,,,,,,,,,,,,,,,,,,,,,,,,,,,,,,,,,,,,
146,Giro Rupiah > Biaya Buku Cek/Bilyet Giro,"Berikut kami informasikan Biaya buku cek/bilyet giro rupiah:
-Cek:Rp 50.000,00 (10 lembar)
-Cek:Rp 120.000,00 (25 lembar)
-BG:Rp 110.000,00 (25 lembar)","- Biaya Buku Cek/Bilyet Giro
- Dimana saya dapat melakukan pengajuan buku cek/bilyet Giro rupiah?
- Berapa nominal saldo minimal yang harus ada di rekening giro rupiah?
- Berapa harga cek dan bilyet Giro rupiah?
- Apakah akan ada saldo yang diblokir pada giro rupiah?",usr.dki_giro_rupiah_biaya_buku_cek,biaya buku cek giro rupiah,berapa biaya dari buku bilyet giro rupiah?,buku bilyet giro berapa ya biayanya?,tolong info soal biaya buku cek rupiah,bolehkah saya mengetahui berapa biaya yang dikeluarkan untuk buku bilyet giro?,"aku mau nanya dong, itu biaya dari buku cek giro rupiah berapa ya?",di bank dki itu berapa biaya untuk buku cek giro rupiah,buku bilyet giro rupiah itu dikenakan biaya berapa banyak?,"mau nanya dong min, bisa kasih tau berapa biaya dari buku cek giro rupiah?",Berapa ongkosnya buat buku cek atau bilyet giro rupiah?,"Kalau buku cek atau bilyet giro, harganya berapa ya?","Bingung nih, mau buku cek atau bilyet giro, tapi gak tau harganya.",Harga buku cek atau bilyet giro itu berapa ya?,"Pengen tahu, biaya buat buku cek atau bilyet giro rupiah itu berapa?",berapa harga yang harus ditanggung untuk buku cek atau bilyet giro?,biaya buku cek giro berapa?,"mengenai buku bilyet giro rupiah, itu dibayarkan berapa ya?",ada biaya untuk buku cek atau bilyet giro kah?,buku cek giro rupiah akankah dikenakan biaya dan jika ada berapa itu,buku bilyet giro tuh harga atau biayanya berapa sih?,kena berapa buat buku cek giro rupiah,kalo mau buat buku bilyet giro itu habis berapa,bayar berapa buat buku cek/bilyet giro rupiah,info biaya bilyet giro/buku cek giro nya dong,informasi biaya untuk buku cek dan bilyet giro rupiah,tolong kasi saya daftar harga buku bilyet giro,butuh info harga dari buku cek atau bilyet giro rupiah,biaya buku cek sama bilyet giro rupiah itu berapaan,bantu saya min terkait biaya yang dibebankan untuk buku cek giro,ini buat 50 lembar buku bilyet giro dikenain biaya berapa,pengajuan buku cek giro nanti akan dikenakan biaya berapa yah min,saya harus membayar berapa saja untuk pengajuan buku cek giro,"untuk buku bilyet giro yang rupiah, itu nanti informasi biaya pengajuan nya apakah ada?",tolong berikan detail informasi daftar harga buku cek dan bilyet giro rupiah,adakah daftar biaya soal pengajuan buku cek giro di bank dki,bisakah saya melihat biaya nya berapa saja untuk buku cek nya giro,halo sepertinya saya masi kebingungan soal harga pada buku bilyet giro rupiah,kisaran berapa deh kalo buat biaya dari bilyet giro rupiah nanti pas mau ngajuin,harga harganya itu kek mana aja buat bilyet giro rupiah,sebelum itu nanti untuk buku bilyet giro sendiri akan keluar uang berapa yah pada pengajuannya,cek bilyet giro kena biaya berapa kalau disini,min berapa biaya kalau mau buku cek giro rupiah,berapa biaya yang diperlukan untuk mendapatkan buku cek giro rupiah,"gue mau ngajuin bilyet giro, nanti biayanya berapa",apakah ada biaya untuk mendapatkan bilyet giro rupiah,tampilkan biaya buku cek buat yang giro rupiah,min kasih info biaya untuk mendapatkan bilyet giro rupiah,bilyet giro rupiah biayanya berapa min,kalau bilyet giro rupiah ini harganya berapa ya,berapa harga bilyet giro rupiah tersebut,min aku mau tahu bilyet giro yang rupiah ini biayanya berapaan,harus keluar duit berapa kalau mau cetak buku cek giro yang rupiah,"gue pengin ngajuin buku cek giro, nanti biayanya berapa",untuk mendapatkan buku cek buat giro rupiah harus keluar uang berapa,biaya yang diperlukan untuk mendapatkan bilyet giro rupiah,"nanti kalau saya mau bilyet giro, saya harus ngeluarin uang berapa","saya ingin punya bilyet giro yang rupiah, kalau mengajukan nanti biayanya berapa",berapa banyak biaya yang harus dikeluarkan untuk mendapatkan bilyet giro,min kalau mau bikin bilyet giro akan dikenakan biaya berapa,min aku mau tahu berapa biayanya untuk bilyet giro,,,,,,,,,,,,,,,,,,,,,,,,,,,,,,,,,,,,,,,,,,,,,,,,,,,,,,,,,,,,,,,,,,,,
147,Giro Rupiah > Limit Transaksi Online,"Berikut kami informasikan Limit transaksi online (cek / bilyet giro rupiah):
-Setor tunai:Tidak terbatas
-Tarik tunai:Tidak terbatas
-Pemindahbukuan:Tidak terbatas","- Limit Transaksi Online giro rupiah
- Berapa limit transaksi dengan mengunakan cek atau bilyet Giro rupiah?",usr.dki_giro_rupiah_limit_transaksi_online,limit transaksi online giro rupiah,tolong jelaskan limit transaksi online giro rupiah,aku mau tau soal limit transaksi online,disini batasan nominal transaksi onlinennya berapa kak,tolong informasikan mengenai limit dari transaksi online giro,kalau transaksi online giro rupiah batasannya sampai berapa?,limitnya giro di transaksi online berapa ya?,seberapa banyak kita bisa menggunakan limit dalam transaksi online giro?,tau gak batas dari penggunaan transaksi online giro rupiah,transaksi online giro limitnya berapa?,"dari pihak bank dki nih, berapa limit transaksi online giro?",berapa limit yang bisa digunakan dalam bertransaksi secara online di giro?,"jika melakukan transaksi secara online giro rupiah, apakah ada batasan limitnya?","melakukan transaksi online giro, berapa batasannya?","bisa kasih tau gak, berapa saja limit untuk giro jika transaksi secara online?",limitnya berapa woy kalau transaksi online giro rupiah,bisa kasih tau soal limit giro rupiah jika transaksi online?,mba berapa limit yang bisa kita lakukan dalam transaksi online giro,berapa limitnya transaksi online giro rupiah?,"jika melakukan transaksi online giro rupiah, ada batasan limitnya kah? tolong penjelasannya mengenai itu",info limit setor tunai pake cek,"semisal mau tarik tunai nih, apa ada info berapa limitnya?",pemindahbukuan itu kalau disini limitnya sampai berapa kak,untuk transaksi online setor tunai sendiri sampai berapa ya limitnya,infromasi limit transaksi bilyet giro rupiah,emang ada batasnya kalo buat transaksi online seperti tarik tunai menggunakan cek?,kira kira limit transaksinya berapaan dah kalo online untuk pemindahbukuan pake cek,batas maksimum transaksi online setor tunai dengan bilyet giro rupiah itu berapa,berapa banyak sih transaksi yang bisa kulakuin online dengan bilyet giro atau cek khususnya di tarik tunai,batasan transaksi online dengan cek ini ada di angka berapa ya semisal mau melakukan pemindahbukuan,berapa deh jumlah limit maksimum nya untuk setor tunai transaksi online pake bilyet giro,"cara tau limit transaksi online kalo make cek itu gimana dah, belum tau nih limitnya buat tarik tunai",transaksi pemindahbukuan pake bilyet giro tapi online itu ada limit nya apa engga,"kak, limit buat setor tunai berapa ya",kasih tau aku buat jumlah limit tarik tunai disini dong,pemindahbukuan itu apa ada penjelasannya ya terkait limit transaksinya berapa,adakah batasan yang diberlakukan pada maksimum transaksi online make cek,setor tunai online make bilyet giro rupiah itu ada limitnya gak yah,misal saya pindah buku online pada bilyet giro itu limitnya di angka berapa,mau narik tunai tapi online pake cek itu maksimum bisa narik sampe berapa yah,adakah batas limit transaksi online buat bilyet giro,memang batas transaksi online yang pake cek berapa,berapakah batasan transaksi online giro rupiah,tampilkan daftar batas transaksi online giro rupiah,min info dong list limit transaksi online di giro,batas transaksi online yang bisa dilakukan kalau pake cek berapaan emang,min kalau mau transaksi online menggunakan bilyet giro rupiah itu ada limitnya kah,kasih info berapa limit kalau transaksi online menggunakan giro,"min saya mau transaksi online pakai giro, tolong info limitnya dong",limit transaksi jika memakai giro rupiah,min ini ada batas transaksinya kalau buat setor tunai di bilyet giro,berapakah batas transaksi yang ditetapkan bank buat giro,berapa limit tarik tunai di giro rupiah,"min mau setor tunai ke giro rupiah nih, tapi limitnya berapa ya","kira-kira berapa limit transaksi online yang menggunakan cek di bank dki, mau untuk setor tunai nih",jadi ini batasan transaksi online giro rupiahnya berapa min,batas transaksi online giro rupiah yang ditetapkan bank dki,min aku mau tahu batas transaksi online giro seperti buat tarik tunai di bank dki,untuk limit transaksi online giro rupiah kayak buat tarik tunai boleh tolong diinformasikan,min kalau mau tarik tunai giro  itu ada limitnya nggak ya,,,,,,,,,,,,,,,,,,,,,,,,,,,,,,,,,,,,,,,,,,,,,,,,,,,,,,,,,,,,,,,,,,,,
148,Gagal Transfer saldo terdebet,"Datang ke kantor Cabang terdekat/ menghubungi Call Center Bank DKI 1500351 untuk dapat dibuatkan tiket pengaduan dengan membawa KTP asli, Kartu ATM dan Buku Tabungan","Transfer, tranfer, gagal, saldo terdebet, terpotong",usr.gagal_transfer,bagaiman jika gagal transfer?,"saldo saya terdebet nih, harus lakukan apa?",yang harus dilakukan jika transfer gagal,mekanisme pengurusan jika terjadi kegagalan transfer,boleh tahu ga kita harus gimana kalau misalkan saldo kita terpotong,Jelaskan langkan yang harus dilakukan jika alami kegagalan transfer,"gagal transfer nih, gimana dong?",solusi jika saldo terpotong karena gagal transfer,"kenapa saldo saya terdebet saat transfer, tetapi penerima tidak menerima uangnya?",bagaimana cara mengatasi transaksi transfer yang gagal tapi saldo sudah berkurang?,"Saya transfer saldo, tapi gagal. Saldo saya sudah terpotong. Apa yang harus saya lakukan?","Apa yang harus saya lakukan jika transaksi transfer saya tidak berhasil, tetapi saldo sudah berkurang?","Saya transfer dari ATM Bank DKI, tetapi saldo saya terpotong dan uang tidak masuk ke tujuan. Bagaimana solusinya?",Apakah saya bisa mengajukan pengaduan jika saldo saya berkurang akibat transfer yang gagal?,"Jika terjadi gagal transfer tapi saldo terpotong, apakah harus menunggu otomatis dikembalikan?",adakah solusi jika saat transfer mengalami kegagalan?,"Saya melakukan transfer ke bank lain, tetapi saldo saya terpotong tanpa ada notifikasi keberhasilan. Apa yang harus saya lakukan?",Apa langkah pertama yang harus saya lakukan jika transfer gagal tetapi saldo terpotong?,"Saya menggunakan layanan transfer Bank DKI, tetapi transaksi tidak berhasil dan saldo saya tetap berkurang. Saya harus ngapain","min, ini gimana saldo ku kepotong padahal transfernya ga berhasil",Bagaima proses pengurusan jika transaksi gagal tetapi saldo terdebet,Bagaimana cara memastikan uang saya kembali setelah gagal transfer?,Bagaimana prosedur pengaduan jika terjadi kegagalan transfer tetapi saldo sudah berkurang?,"Lah, kok saldoku ilang padahal transfernya gagal? Ini kenapa sih?",Kok bisa sih saldo kepotong padahal transfernya nggak masuk ke rekening tujuan?,"Jika terjadi kegagalan transfer tetapi saldo terdebet, bagaimana supaya saldo kembali?","Aduh, transfer gue gagal tapi saldo malah kepotong. Gimana caranya biar duitnya balik?","Wah, transfer gue gagal padahal sinyal bagus. Kok saldo kepotong juga? Ini gimana ya?",Kok bisa saldo gue kepotong gara-gara transfer yang gagal? Ini mesti gimana?,"Transaksi saya gagal, tetapi saldo tetap terdebet. Apakah bisa langsung diproses oleh bank?",permisi saldo saya terpotong mohon bantuannya,min gagal transfer nih apa yang harus dilakukan,bisa bantu untuk saldo yang terdebet ,"saldo terpotong padahal gagal transfer, tolong solusinya",jika boleh tahu apa solusi untuk saldo terdebet,bisa kasih tahu aku langkah yang dilakukan jika transfer gagal tapi saldo berkurang,kalau saldo terdebet harus bagaimana,kak apabila saldo terpotong padahal gagal transfer apa step2 yang harus dilakukan,gak tahu kenapa gagal transfer,"jikalau transfer gagal dan saldo terpotong, tindakan apa yang harus diambil",halo saldo terdebet nih langkah selanjutnya apa,adakah solusi untuk saldo terpotong min,eh tahu gak langkah yang bisa ditempuh kalau saldo terdebet ,pagi min saldo terdebet apa upaya yang perlu dicoba,adakah alternatif yang dilakukan untuk saldo yang berkurang padahal gagal transfer ,bisa dibantu gak kak untuk saldoku yang terdebet,info penanganan untuk gagal transfer padahal saldo terpotong,kasih tahu saya tindakan yang harus saya ambil untuk saldo terdebet,mimin transfer saya gagal tapi kok saldo kepotong ya? bisa dibantu penyelesaiannya gak min,butuh bantuan untuk saldo terdebet ,emang ada solusi ya untuk saldoku yang terpotong padahal gagal transfer,gawat nih gagal transfer tapi saldo berkurang bakal balik gak saldonya ,terkait saldo terdebet apa step yang seharusnya diambil,ingin tahu cara agar saldo kembali setelah terpotong padahal keterangannya gagal transfer,transfernya gak terkirim tapi saldo terpotong apa langkah selanjutnya,astaga saldo terdebet apa solusinya untuk ini,sebel banget saldoku terpotong padahal gagal transfer,cara atasi saldo yang terdebet gimana,duh transaksi gagal padahal saldo terpotong tanggungjawab min ,bisa tolong infokan langkah apa yang diambil jika saldo terdebet?,,,,,,,,,,,,,,,,,,,,,,,,,,,,,,,,,,,,,,,,,,,,,,,,,,,,,,,,,,,,,,,,,,,,
149,Gagal Top up,"Datang ke kantor Cabang terdekat/ menghubungi Call Center Bank DKI 1500351 untuk dapat dibuatkan tiket pengaduan dengan membawa KTP asli, Kartu ATM dan Buku Tabungan","Gagal Top up, shopee pay,dana,ovo,gopay",usr.gagal_top_up,"aku melakukan transaksi top up gopay, tetapi prosesnya gagal dan saldo terpotong, lantas bagaimana?","Jika transaksi top-up saya gagal tetapi saldo tetap terpotong, bagaimana cara mendapatkan kembali dana tersebut?","Saya melakukan top-up melalui mobile banking Bank DKI, tetapi saldo e-wallet saya tidak bertambah. Bagaimana solusinya?","gagal top up dana nih, tapi saldo kepotong ada cara buat balikin uangnya?",mekanisme jika terjadi gagal top-up dan saldo terdebet,Saya ingin melaporkan transaksi top-up yang gagal tetapi saldo saya tetap terdebet. Apa prosedurnya?,"Saya top-up di minimarket pakai kartu debit Bank DKI, tapi gagal. Saldo tetap terpotong, apakah bisa dikembalikan?",Mengapa transaksi top-up saya selalu gagal tetapi saldo tetap terpotong?,"saya berniat mengisi saldo dana saya, namun terjadi kegagalan topup dan saldo bank saya tetap terpotong bagaimana ya?",cara mengatasi gagal top up dan saldo ikut terpotong,jelaskan langkah untuk mengurus kegagalan proses top up gopay,"saya gagal melakukan top up untuk ovo saya namun saldo saya terpotong juga, harus gimana biar saldo saya kembali?","saldo saya terpotong karena gagal top up nih, ada solusi?",punya solusi biar saldoku bisa kembali karena dipotong saat proses top up gagal?,"proses top up yang saya lakukan tidak berhasil dan berakibat dana di bank saya terpotong, adakah cara untuk mengambalikannya?",cara agar uang saya kembali saat proses top up gagal dan dana dipotong,langkah untuk mengurus proses gagal top up terus menerus,tahu ga kamu kalau misal gagal top up ngurusnya gimana?,proses untuk meminta pengembalian saldo yang terpotong karena top up yang dilakukan tidak berhasil,"saat melakukan top up, proses tidak berhasil dan membuat dana yang ada di bank saya berkurang, bagaimana agar dana saya kembali utuh?","terjadi kegagalan selama proses pengisian saldo shopee pay saya, bagaimana mengurusnya ya?",perlu lakukan apa ketika saldo di bank saya terpotong juga padahal proses top up tidak berhasil?,bisa dibantu untuk mengurus saldo yang terpotong saat proses top up ke aplikasi lain gagal?,perihal kegagalan dalam proses top up yang menyebabkan uang kita juga terpotong dapat diurus dimana?,apakah kamu tahu prosedur mengembalikan dana kita agar bisa utuh setelah terpotong karena gagal top up?,"saya tidak berhasil melakukan top up dan berakibat pada saldo di bank saya yang terpotong, bisa bantu untuk mengembalikan saldo saya?",apakah saldo bank saya bisa kembali utuh setelah terpotong karena proses top up yang tidak berhasil?,adakah cara tertentu untuk mengurus saldo saya yang terpotong saat proses top up yang terus gagal?,"gimana nih ya, aku ga bisa top up dari tadi","saya gagal top up nih, bisa beri saran?","waduh, kok gagal top up ya? minta solusi",sore min top up dana gagal terus,sudah top up ovo berkali-kali tapi masih gagal,saya habis top up shopeepay tapi gagal mohon bantuannya,cara mengatasi top up gopay yang gak masuk,kenapa gagal top up terus sih ,top up dana tapi saldo gak bertambah gimana min ,isi saldo ovo tapi gagal melulu tolong arahannya,permisi kak solusi untuk saldo gopay yang tidak bertambah padahal sudah top up ,eh kok ini top up shopeepay gagal terus sih,"halo kak saldo dana saya tidak bertambah setelah top up, saya harus gimana ya?",udah top up tapi saldo gopay masih nol min,kok bisa ya gagal top up ovo padahal jaringan bagus,emangnya apa solusi untuk top up yang gagal ,kamu tahu kan solusi untuk shopeepay yang gagal top up apa?,cara mengatasi gagal top up pada gopay,jadi gimana cara atasi top up yang gagal terus menerus,adakah trik untuk saldo dana yang gak bertambah setelah top up,misi kak apa tindakan yang perlu dilakukan jika selalu gagal top up ovo,astaga gagal top up gopay nih apa langkah selanjutnya,kenapa ya top up dana selalu tidak berhasil ,kira kira adakah solusi untuk top up shopeepay yang gagal masuk,sebel banget berkali kali top up tapi semuanya gagal,apa yang salah ya? top up gopay selalu gagal,saldo gak masuk padahal udah top up kasih saya solusi,duh top up dana kok ga masuk masuk ya,eh ini kok top up ovo gagal terus sih harus gimana dong,aku frustasi top up shopeepay selalu gak masuk,pagi bang berkali kali gue top up gopay kenapa gagal semua ya tolong arahin gue  ,ingin tahu solusi untuk top up yang selalu gagal masuk,,,,,,,,,,,,,,,,,,,,,,,,,,,,,,,,,,,,,,,,,,,,,,,,,,,,,,,,,,,,,,,,,,,,
150,Pembelian Pulsa,"Datang ke kantor Cabang terdekat/ menghubungi Call Center Bank DKI 1500351 untuk dapat dibuatkan tiket pengaduan dengan membawa KTP asli, Kartu ATM dan Buku Tabungan","Gagal Beli Pulsa, isi pulsa belum masuk, pulsa tidak masuk",usr.gagal_beli_pulsa,"saya gagal beli pulsa, cara urusnya gimana","ketika saya hendak membeli pulsa saya terus mengalami kegagalan dalam prosesnya, saya harus lakukan apa jika begitu",ada solusi kalau gagal isi pulsa terus?,kok pulsaku ga masuk ya setelah beli? solusinya gimana?,kalau misal transaksi isi pulsa gagal terus saya harus bagaimana?,eh tahu ga ini kenapa kalau mau isi pulsa gagal terus,"aneh, kenapa sih kalau mau isi pulsa gagal terus","alasan isi pulsa gagal terus, ada sousi atasinya?",aku harus gimana nih soalnya isi pulsa gagal terus,ada saran kalau misalnya gagal isi pulsa terus kah?,solusi yang bisa kamu berikan jika saya terus mengalami kegagalan dalam melakukan pengisian pulsa,"saat saya hendak membeli pulsa, proses pembeliannya gagal terus menerus bagaimana ya atasi masalah ini?",panduan jika isi pulsa gagal terus,aku ga ngerti kenapa waktu isi pulsa gagal terus nih,tata cara pengurusan gagal isi pulsa,"pulsa yang baru saja kubeli tidak masuk, terus ini gimana dong?",aku harus lakukan apa kalau proses isi pulsa ga perna berhasil terus,kenapa pulsa yang saya beli ga masuk? kalau buat atasi masalah itu perlu ngapain aja,aku bisa dikasih arahan ga soal kegagalan beli pulsa harus ngapain?,ga paham kenapa tiap transaksi pulsa gagal terus,"duh, kok isi pulsa ga pernah masuk sih? solusinya dong",mohon dipandu buat atasi masalah pulsa yang gagal masuk,penanganan yang tepat setiap pembelian pulsa selalu gagal,"eh kamu tahu ga sih aku habis beli pulsa tapi ga masuk, bingung harus ngapain?",aku ga tahu harus ngapain kalau beli pulsa gagal terus,"aku tiap beli pulsa tuh jarang berhasil tahu, kok gitu ya, kamu ada cara buat atasi kah?",umumnya lakukan apa kalau pulsa yang dibeli belum masuk juga?,"masa aku beli pulsa ga masuk lho, ini gimana biar masuk coba?",kamu ngerti ga sih cara buat atasi masalah pulsa yang ga masuk setelah pembelian?,saran kalau misal beli pulsa gagal terus,dari tadi pagi saya isi pulsa tapi belum masuk sampai sekarang,bisa dibantu untuk pembelian pulsa yang gagal,sebel banget pulsa gak masuk ,kendala pembelian pulsa yang tidak masuk,gagal beli pulsa terus min mohon bantuannya,adakah solusi untuk pulsa yang belum masuk,eh gimana ini pembelian pulsa gagal melulu,beritahu aku apa yang harus dilakukan jika pulsa tidak masuk setelah pembelian,"butuh penjelasan, mengapa pulsa yang saya beli belum masuk per siang hari ini",gagal beli pulsa nih mohon arahannya,bingung deh pulsa yang sudah dibeli belum masuk,mau tau tindakan yang harus dilakukan jika pembelian pulsa gagal,tunjukin solusi untuk pulsa yang gak masuk setelah transaksi,ada ga solusi buat gagal pembelian pulsa,hei tolong kasih tau dong solusi jika pulsa gak masuk setelah pembelian,"perlu banget pulsa, tapi gagal pembelian",apabila gagal beli pulsa maka solusinya,biasanya kalau pulsa tidak masuk harus ngelakuin apa,permisi min pulsa saya belum masuk sedari tadi bagaimana ya ,"mau tanya, pembelian pulsa yang gagal gimana ngurusnya",apakah kamu tahu cara pengaduan untuk pembelian pulsa yang gagal,lagi butuh pulsa malah pulsanya gagal masuk,pulsa tidak kunjung masuk setelah transaksi,cara atasi pembelian pulsa yang gagal ,bisakah kamu memberitahuku cara mengatasi pulsa yang tidak masuk,jadi apa solusi untuk pulsa yang belum masuk ,tampilkan langkah yang dilakukan jika pulsa gagal pembelian,tolong dong pulsa saya gak masuk ,"waduh pulsa belum masuk, ada cara untuk atasi ini gak",apa solusi untuk pembelian pulsa yang gagal min,,,,,,,,,,,,,,,,,,,,,,,,,,,,,,,,,,,,,,,,,,,,,,,,,,,,,,,,,,,,,,,,,,,,
151,Pembelian Paket Data,"Datang ke kantor Cabang terdekat/ menghubungi Call Center Bank DKI 1500351 untuk dapat dibuatkan tiket pengaduan dengan membawa KTP asli, Kartu ATM dan Buku Tabungan","Gagal Beli Paket Data, kuota belum masuk",usr.gagal_beli_paket,waktu beli paket data kenapa kuota ga masuk ya? cara atasinya bagaimana?,"waduh ini kuotaku belum masuk habis beli, gimana sih?",ada cara biar kuotaku bisa masuk setelah beli?,"kuotaku belum masuk habis beli, solusinya dong kak","aku alami gagal beli paket data terus menerus nih, mohon arahannya",bisa dibantu untuk atasi pembelian paket data yang tidak berhasil,bagaimana kalau saya membeli paket data tapi terus gagal?,kenapa sih tiap beli kuota gagal terus? harus gimana ini?,boleh dikasih tahu ga kalau kuota belum masuk harus lakukan apa saja?,"kak, aku bisa dibantu buat atasi gagal beli paket data?",bisa dipandu untuk menangani kuota yang dibeli belum masuk juga,"kepo nih kalau misal beli paket data yang gagal terus, haru urusin kemana",aku harus urus kemana kalau pembelian kuota terus mengalami kegagalan,mohon untuk diberi bantuan dalam mengurus paket data yang tidak masuk setelah pembelian,aku harus lakukan apa kalau proses pembelian kuota tidak pernah berhasil?,lapor kemana nih misal beli kuota ga pernah masuk,kenapa tiap mau beli kuota selalu gagal? ada solusi buat atasinya?,kamu ada cara buat tangani masalah gagal beli paket data?,tata cara apabila pembelian kuota selalu gagal,"kuota yang baru saja dibeli tidak masuk, kamu punya langkah buat penanganannya?",boleh kasih saran dong misal gagal beli kuota terus,"masa tiap beli kuota selalu gagal, ini gimana dah?",kamu ada saran yang bisa aku lakuin buat tangani gagal beli kuota?,"kesel banget kuota ga masuk, gimana sih?",coba kasih aku masukan untuk kuota yang ga masuk itu perlu melakukan apa saja?,apakah kamu tahu prosedur untuk menangani kuota yang ga masuk bagaimana?,eh kamu ngerti ga sih buat atasi masalah kuota ga masuk gini kemana?,kemana dong urusnya kalau beli kuota gagal melulu?,"duh, kok ya kalau beli kuota ga pernah masuk, gimana sih? ada saran ga?",lazimnya untuk proses beli kuota yang gagal terus begini harus lapor kemana buat urusinnya?,solusi untuk kuota yang belum masuk setelah transaksi,astaga beli paket data gagal terus,gimana ya kalau beli kuota tapi masih belum masuk juga,bisa tolong dibantu untuk pembelian paket data yang gagal,sudah beli kuota tapi gak masuk ,mohon arahannya min saya beli kuota kok gagal mulu ,beli paket data sedari tadi tapi belum masuk ,paket data selalu gagal pembelian padahal sudah coba berkali-kali,kak saya capek nunggu kuota yang belum masuk,"butuh paket data namun transaksi selalu gagal, apa yang harus dilakukan",sore min kenapa paket data yang aku beli masih gak masuk,kendala pembelian paket data,"sudah transaksi tapi kuota tidak masuk, apa langkah selanjutnya?",pembelian paket data terus menerus gagal apakah ada solusi ,butuh internet tapi beli paket data gagal melulu,woy kuota gue belum masuk masuk nih gimana yak,bisa gak kasih tau aku solusi untuk pembelian paket data yang selalu gagal ,jadi langkah apa yang sebaiknya dilakukan jika kuota tidak masuk setelah transaksi,gimana ya kuotanya gagal beli terus padahal jaringannya bagus,halo min saldo saya terpotong untuk beli paket data tapi kenapa masih belum masuk paket datanya,apabila gagal beli paket data maka solusinya,permisi min paket data saya belum masuk sedari tadi bagaimana ya ,"perlu banget kuota, tapi gagal pembelian",tunjukin solusi untuk kuota yang gak masuk setelah transaksi,ada ga solusi buat gagal pembelian kuota,kasih tahu aku apa yang harus dilakukan jika paket data tidak masuk setelah pembelian,gagal beli paket data terus min mohon bantuannya,muak banget kuota belum masuk ,bingung deh paket data yang sudah dibeli belum masuk dari tadi,"eh gimana ini pembelian paket data gagal melulu, panik banget",,,,,,,,,,,,,,,,,,,,,,,,,,,,,,,,,,,,,,,,,,,,,,,,,,,,,,,,,,,,,,,,,,,,
152,Biaya Admin,"Berikut biaya administrasi berdasarkan segmentasi kartu ATM
Untuk Tabungan Simpeda Monas sebagai berikut
Kartu ATM Reguler: Rp 15.000,- / bulan 
Kartu ATM Gold: Rp 17.000,- / bulan
Kartu ATM Platinum: Rp 18.500,- / bulan
 
Untuk Tabungan Simpeda iB sebagai berikut
Kartu ATM Reguler iB: Rp 15.000,- / bulan
Kartu ATM Gold: Rp 20.000,- / bulan
Kartu ATM platinum: Rp 20.000,- / bulan","admin, biaya admin, bayar admin",usr.biaya_admin,rincian biaya admin dong,informasi seputar biaya admin kartu atm,macam-macam biaya admin,biaya admin tuh berapa ya?,berapa biasanya biaya admin kartu atm?,tahu ga kamu kartu atm tuh biaya adminnya berapa?,berapa biaya administrasi bulanan untuk kartu ATM Bank DKI?,adakah bedanya biaya administrasi antar kartu atm?,biaya admintiap kartu tuh beda ya?,"aku ga tahu biaya admin kartu atm berapa, bisa dibantu?",biaya administrasi berdasarkan segmentasi kartu ada apa saja?,berdasarkan segmentasi kartu biaya admin dibedakan jadi apa saja?,kamu tahu ga biaya admin buat kartu atm tuh berapa?,kartu atm saya biaya adminnya berapa ya?,pingin tahu dong kalau pake atm platinum biaya adminnya berapa?,"emang beda ya biaya admin atm reguler, gold, sama platinum",bisa bantu rincikan biaya admin dari masing-masing kartu atm yang berbeda,"aku ga tahu nih biaya admin kartu atm punyaku berapa, bisa dibantu untuk menyediakan informasinya?",kamu bisa bantu untuk mencari info biaya admin kartu atm?,setiap bulan potongan untuk biaya admin berapa ya?,apakah setiap bulan kartu atm saya dipotong untuk biaya admin?,detail biaya admin untuk masing-masing jenis kartu atm,emang iya ya tiap kartu atm tuh beda-beda buat biaya adminnya?,jelaskan soal biaya admin untuk kartu atm,saya pake tabungan simpeda ib nah itu biaya adminnya berapa ya kak?,nominal yang harus dibayarkan untuk biaya admin,oh iya untuk admin yang dikenakan untuk tiap kartu atm apakah berbeda ya?,umumnya biaya admin yang dikenakan berapa ya kak?,perlihatkan pada saya rincian biaya admin kartu atm,berapa besar biaya admin kartu atm punyaku?,informasi mengenai biaya administrasi kartu atm,kepo deh biaya admin setiap jenis kartu atm apakah sama?,permisi kak mau bayar admin ,rincikan kepada saya biaya administrasi untuk setiap jenis kartu atm,tahu ga kamu nominal untuk bayar admin berapa,"jika boleh tahu, berapa biaya admin tabungan simpeda ",ingin tahu nih biaya admin yang harus dibayarkan,mengenai pembayaran admin berapa sih nominalnya,bantu jelaskan biaya admin yang harus dibayar,mau tahu nominal biaya administrasi kak,info biaya admin dong,tolong kasih aku informasi biaya admin yang harus dibayarkan setiap bulan,pengen cek biaya admin ,"halo, saya ingin tahu soal biaya admin per bulan",bayar administrasi emang berapa nominalnya,berapa sih biaya adminnya,informasi biaya admin yang dikenakan,apakah biaya admin masih sama atau ada perubahan,rincian biaya administrasi ,boleh tahu berapa biaya admin yang berlaku saat ini?,biasanya biaya admin yang dibayarkan berapa,beritahu aku biaya administrasi yang berlaku ,nominal biaya administrasi yang harus dibayar,bayar admin tiap bulan nominalnya berapa,kira kira nominal biaya administrasi yang dibayarkan berapa min,bisakah kasih tahu saya berapa biaya adminnya,"bermaksud cek biaya admin bulanan, bisa tolong infokan?",ada info biaya administrasi yang diberlakukan sekarang?,ada info biaya admin gak? kasih tau dong,tunjukin ke saya berapa biaya administrasi bulanan yang ditarifkan ,,,,,,,,,,,,,,,,,,,,,,,,,,,,,,,,,,,,,,,,,,,,,,,,,,,,,,,,,,,,,,,,,,,,
153,Buka Blokir KJP,"Datang ke kantor Cabang terdekat/ menghubungi Call Center Bank DKI 1500351 untuk pengecekan status rekening dengan membawa asli dan fotokopi KTP, KK, Akta, Buku Tabungan, surat pengantar dari sekolah, dan Kartu ATM","buka blokir kjp, kjp keblokir, blokir kjp, kjp terblokir",usr.buka_blokir_kjp,eh gimana ya kjp ku keblokir,apakah kamu tahu cara buka blokir kjp?,untuk kjp proses buka blokirnya bagaimana?,apa yang harus dilakuka jika kjp terblokir,rekening kjp saya terblokir cara bukanya bagaimana?,prosedur untuk membuka blokir kjp,"kjp punyaku keblokir, bantuin dong",bisa dibantu untuk proses membuka rekening kjp,mekanisme buka blokir rekening kjp,rekening kjp yang terblokir bukanya gimana?,rincian proses untuk membuka rekening kjp,anda tahu cara buka rekening kjp yang diblokir?,"tolong dibantu, rekening kjp terblokir",proses untuk membuka blokir kjp,bagaimana langkah untuk membuka rekening kjp yang terblokir,"rekening kjp keblokir, solusi bukanya dong",solusi untuk membuka rekening kjp yang terblokir,kepo nih sama cara buka rekening kjp yang keblokir,"aku mau buka kjp punyaku yang keblokir, tapi ga tahu gimana caranya","kalau mau membuka blokir kjp, kemana urusnya?",harus lapor kemana misal kjp ku keblokir,"kjp punyaku keblokir nih, aku harus lakukan apa?",ini harus lapor ke kantor cabang kah kalau kjp keblokir?,pingin tahu alur untuk mengurus kjp yang terbokir,"ga sengaja rekening kjp terblokir, urusnya bagaimana?",tata cara yang benar ketika rekening kjp terblokir,buka blokir kjp kemana min biasanya? ke kantor cabangnya kah?,haruskah ke kantor cabang buat urus rekening kjp yang keblokir,untuk membuka blokir kjp aku harus ngapain?,saran dong buat buka blokir kjp,butuh solusi untuk kjp yang terblokir,bisa dibantu untuk buka blokir kjp,pagi min kjp saya keblokir mohon bantuannya,adakah solusi untuk kjp terblokir kak,cara atasi kjp keblokir,tindakan yang harus dilakukan jika kjp terblokir,blokir kjp gimana ngurusnya,infoin cara buka blokir kjp min,kendala kjp terblokir ,cara buka blokir kjp gimana  ,aku mau nanya cara untuk membuka kjp yang terblokir,permisi kak kjp saya terblokir bagaimana mekanisme membukanya ,mekanisme pembukaan blokir kjp,tata cara buka blokir kjp dong,proses membuka blokir kjp apa saja,panduan untuk kjp terblokir apakah ada?,step2 yang dilakukan jika kjp terblokir ,tunjukin mekanisme buka blokir kjp yang kamu ketahui,tindakan yang dilakukan untuk kjp keblokir apa min,"izin bertanya, adakah tata cara membuka blokir kjp kak?",mohon informasi mekanisme pembukaan blokir kjp,upaya yang diambil untuk kjp yang terblokir,eh tolong beritahu dong buka blokir kjp gimana solusinya,biasanya kalau kjp keblokir gimana ngurusnya ya,waduh kjp gue keblokir nih gimana yak,apabila kjp terblokir maka solusinya,jadi gimana cara atasi blokir kjp ,ada ga solusi buat kjp keblokir,min infoin dong mekanisme mengurus pembukaan blokir kjp ,tiba tiba kjp terblokir mohon arahannya ,,,,,,,,,,,,,,,,,,,,,,,,,,,,,,,,,,,,,,,,,,,,,,,,,,,,,,,,,,,,,,,,,,,,
154,Lupa PIN JakOne Mobile,"Apabila lupa PIN / terdapat keterangan Mpin terblokir pada JakOne Mobile, silahkan mengikuti langkah-langkah sebagai berikut:
 
 1. Pilih 'Akun' kemudian Pilih 'Lupa PIN'
 2. Masukkan data NIK, Nomor Rekening, dan Tanggal Lahir
 3. Masukkan Nomor Handphone
 4. Buat atau Masukkan PIN Baru untuk transaksi
 5. PIN Baru transaksi berhasil dibuat
 
Mohon dipastikan terlebih dahulu data sudah sesuai dan nomor handphone yang terdaftar di JakOne Mobile dalam keadaan aktif","mpin terblokir, lupa pin, pin jakone, salah pin",usr.lupa_pin,"aku lupa pin jakone mobile, gimana dong",bisa dibantu untuk yang lupa pin jakone mobile maka harus bagaimana,langkah untuk atasi lupa pin jakone,"mpin terblokir, cara atasinya?",mohon bantuannya untuk yang lupa pin bagaimana cara urusnya,bisa dijelaskan jika mpin terblokir maka apa yang perlu dilakukan,upaya atasi mpin terblokir,"jika ada orang yang lupa pin jakone mobile, dia harus ngapain buat urus?",tahu ga sih cara biar jakone bisa dipakai pas kita lupa pin,kepo soal cara urus lupa pin jakone,"pin jakone terblokir, tolong bantuannya",saya lupa pin jakone gimana langkah resetnya,ada tutorial buat ubah pin jakone kalau lupa,bagaimana kalau mau bikin pin baru di jakone karena lupa,"pin transaksi salah terus, ada panduan resetnya kah?","saya mau ubah pin jakone tapi lupa yang lama, bisa?",jelaskan langkah untuk reset pin karena lupa,kalau mpin terblokir saya perlu gimana nih?,paduan buat reset pin jakone dong kak,"pin jakone saya salah terus, harus gimana nih?","saya nggak ingat pin transaksi jakone, bsia direset?","tolong dibantu, aku ga bisa masuk jakone nih gara-gara lupa pin",apa langkah-langkah yang bisa dilakukan kalau mpin terblokir,bisa minta langkah-langkah buat mengganti pin jakone,prosedurnya bagaimana kalau mpin jakone punyaku terblokir,proses mengurus mpin jakone yang teblokir,"aku mengganti hp karena hp sebelumnya rusak, tapi lupa pin jakone juga, ngurusnya gimana ya?",mohon disediakan detail tata cara untuk reset pin,reset pin jakone tuh gimana ya caranya?,kepo kalau mau reset pin jakone soalnya lupa langkahnya yang benar gimana,mekanisme untuk mpin yang terblokir,beberapa kali masukin mpin yang salah lalu terblokir,lupa pin nih gimana cara gantinya,kendala pin jakone ,salah memasukkan pin lalu terblokir,cara reset pin jakone yang lupa,tolong dibantu untuk mengganti pin jakone yang lupa,mpin terblokir mohon bantuannya untuk membuka,panik banget salah pin terus ,apabila lupa pin jakone maka solusinya,boleh tau gimana cara ngurus mpin terblokir?,"mau tanya min, mpin yang terblokir gimana ngurusnya",bisakah kamu memberitahuku solusi jika lupa pin jakone,eh kok ini salah pin mulu sih,sudah memasukkan pin tapi salah terus ,cara atasi mpin terblokir gimana min,"saya lupa pin, apa langkah selanjutnya?",astaga lupa pin jakone nih gimana dong,woy mpin jakone gue keblokir nih bantuin yak,infoin cara buka mpin jakone yang terblokir,jika lupa pin adakah panduan untuk reset pin jakone,ingin tahu cara urus pin jakone yang lupa gimana,langkah untuk membuka mpin terblokir,mekanisme pembukaan mpin terblokir yang kamu ketahui,biasanya kalau salah pin apa yang harus dilakukan?,waduh kok ini pin jakone saya salah terus ya,permisi min mpin jakone yang terblokir bagaimana cara bukanya ,ada ga solusi untuk pin jakone yang lupa,bantu saya atasi mpin terblokir,kenapa pin jakone yang saya masukkan salah semua,,,,,,,,,,,,,,,,,,,,,,,,,,,,,,,,,,,,,,,,,,,,,,,,,,,,,,,,,,,,,,,,,,,,
155,JakOne Mobile User terkunci,"Jika aplikasi JakOne Mobile terkunci dikarenakan kesalahan memasukkan kata sandi, maka dapat mengikuti langkah-langkah sebagai berikut:
 
 1. Pilih 'Lupa Password / Lupa User ID'
 2. Pilih 'Lupa Password'
 3. Masukkan NIK (e-KTP)
 4. Masukkan Nomor Rekening
 5. Masukkan Tanggal Lahir
 6. Klik 'Lanjutkan'
 7. Buat dan Konfirmasi Password Baru
 8. Ganti Password Berhasil
 
Mohon dapat dipastikan informasi identitas, kemudian nomor telepon yang terdaftar di aplikasi JakOne Mobile sudah sesuai dan dalam keadaan aktif, serta memiliki pulsa tersedia untuk menerima SMS Kode OTP. Setelah berhasil, selanjutnya dapat kembali masuk dengan menggunakan User ID sebelumnya, dan menggunakan password yang terbaru.","Jakone terkunci, user terkunci, lupa password, lupa user id, salah password",usr.user_terkunci,"saya lupa kata sandi jakone dan aplikasi terkunci, saya harus apa?",prosedur untuk mengatasi aplikasi jakone terkunci karena salah password,"aplikasi jakone kekunci gara-gara aku salah masukin password, gimana ya cara atasinnya?",boleh dibantu untuk aplikasi jakone saya yang terkunci maka saya harus lakukan apa?,bagaimana langkah untuk mengatasi kesalahan password yang menyebabkan jakone terkunci,"eh, aku salah terus nih masukkin password jakone terus kekunci gimana yah?",ada solusi buat tangani jakone yang kekunci?,"jakeone mobile user kekunci nih min, harus gimana dong?",bisa dijelaskan penanganan aplikasi jakone yang terkunci karena salah password maka perlu lakukan hal apa?,hal apa yang bisa dilakukan bila jakone mobile user terkunci,"setelah beberapa kali memasukkan kata sandi yang salah pada jakone membuat aplikasi tersebut terkunci, ada solusi untuk membukanya?",gimana nih jakone ku kekunci,langkah penanganan untuk aplikasi jakone yang terkunci,"kalau lupa password terus bikin kekunci, gimana dong?",mekanisme penanganan user terkunci karena lupa password,tindakan untuk user jakone mobile yang terkunci karena salah kata sandi,"password jakone sempat ganti dan aku lupa terus pas dicoba berkali-kali malah kekunci, biar kebuka aku harus gimana?",aku lupa user id ku nih gimana yah?,kalau misal seseorang lupa user id maupun password nya maka perlu lakukan apa?,upaya untuk mengatasi lupa user id,"saya tidak sengaja lupa user id, nah gimana cara menanganinya ya?",mau tahu kalau jakone kekunci aku harus lakukan apa,jakone ga bisa diakses nih soalnya kekunci gara-gara lupa password,mohon dibantu untuk aplikasi jakone saya yang terkunci,"kayaknya aku lupa user id ku deh, kalau mau ganti bisa?","jika tidak sengaja aplikasi jakone terkunci sebab pengguna lupa user id, adakah upaya untuk mengatasinya?",perlu lakukan apa supaya jakone yang terkunci dapat diatasi?,"omong-omong aplikasi jakone punyaku ga bisa diakses min gara-gara kekunci, aku perlu ngapain ya?",buat urusin password yang kekunci aku harus lakukan apa? mohon panduannya,panduan untuk jakone yang terkunci dan tidak bisa diakses,gak bisa akses jakone,jakone saya terkunci bagaimana cara mengatasinya?,bisa dibantu untuk jakone yang terkunci ,tidak bisa masuk karena user terkunci,user terkunci setelah beberapa kali salah memasukkan password,adakah solusi untuk user terkunci akibat password yang salah dimasukkan,mohon bantuannya saya lupa password,lupa password nih tolong arahannya,adakah solusi untuk lupa password kak?,langkah yang dilakukan jika lupa user id,lupa user id min bisa bantu nggak,mendapatkan kembali user id yang lupa gimana caranya,cara atasi salah password,apabila salah password maka solusinya,salah password nih apa yang harus gue lakukan,panduan untuk jakone terkunci apakah ada?,bagaimana cara membuka jakone yang terkunci kak,kendala jakone terkunci,mengalami masalah user terkunci,"halo, saya ingin tahu solusi untuk user yang terkunci min",penanganan user terkunci,kesulitan masuk karena lupa password,prosedur untuk lupa password apa saja?,cara ganti password yang lupa,gimana kalau lupa user id,gawat gue lupa user id gue tolongin dong,lupa user id nih mohon bantuannya min,cara mengatasi salah password yang kamu ketahui,kasih aku solusi untuk salah password,tunjukin mekanisme perbaiki password yang salah,,,,,,,,,,,,,,,,,,,,,,,,,,,,,,,,,,,,,,,,,,,,,,,,,,,,,,,,,,,,,,,,,,,,
156,Penutupan Rekening KJP,"Penutupan Rekening KJP Bank DKI dapat dilakukan kapanpun selama siswa/anak yang bersangkutan sudah lulus dari sekolah jenjang SMA/K sederajat. Dokumen yang perlu disiapkan adalah:
 
 1. KTP wali (khusus yang masih ada nama wali ""QQ"". Membawa yang asli dan fotokopi 2 lembar)
 2. KTP siswa / kartu pelajar (asli dan fotokopi 2 lembar)
 3. Kartu Keluarga (asli dan fotokopi 1 lembar)
 4. Ijazah / Surat Keterangan Lulus (asli dan legalisir)
 5. Buku Tabungan dan Kartu ATM KJP
 6. Surat keterangan bebas tunggakan dari sekolah (khusus sekolah swasta)
 7. Akta kelahiran anak/siswa (asli dan fotokopi 1 lembar)
 8. Materai 10.000 (2 lembar)
 9. Biaya tutup rekening Rp5.000
 
Kami informasikan lebih lanjut, Kantor Layanan Bank DKI memiliki kuota nasabah yang ingin melakukan Penutupan Rekening KJP sesuai dengan kapasitas dari masing-masing Kantor Layanan.
 
Kantor Cabang Bank DKI buka pada hari Senin - Jumat (tidak termasuk hari libur nasional), dari jam 08.00 s.d 15.00 WIB.","tutup kjp, penutupan kjp",usr.tutup_kjp,informasi seputar penutupan kjp,cara buat tutup rekening kjp,kalau aku mau tutup rekening kjp maka apa yang harus dilakukan,prosedur penutupan rekening kjp,infokan kalau mau tutup rekening kjp caranya gimana,apakah saya bisa menutup rekening kjp kapan saja? dan seperti apa prosesnya,penutupan rekening kjp bisa dilakukan apa tidak ya?,ketentuan untuk menutup rekening kjp,apa yang harus disiapkan jika berniat menutup rekening kjp,bagi yang berniat untuk menutup rekening kjp perlu menyiapkan dokemn apa saja?,bisa dibantu untuk menutup rekening kjp?,"kepo mau tutup rekening kjp nih, caranya gimana?",prosedur yang tepat dalam melakukan penutupan rekening kjp,min tahu ga sih soal rekening kjp apakah bisa ditutup kapan aja?,kamu tahu ga panduan untuk melakukan penutupan rekening kjp apa?,sebutkan dokumen untuk melakukan proses penutupan rekening kjp,mohon dijelaskan untuk prosedur terkait penutupan kjp,berkas apa yang perlu saya bawa bila ingin menutup rekening kjp,rincian berkas untuk tutup rekening kjp,"tutup kjp bisa dilakukan kapan saja kan? nah, berkasnya apa aja buat ngurusnya?",untuk keperluan pengurusan penutupan kjp maka saya harus siapkan hal apa saja?,jelaskan secara rinci untuk menutup kjp harus lakukan apa,prosedur dalam penutupan rekening kjp bagi siswa yang sudah lulus SMA,"aku udah lulus SMA nih dan mau tutup kjp, caranya?",kemana dan bagaimana mekanisme untuk menutup rekening kjp?,detail berkas untuk penutupan kjp apa saja,tahu kah kamu untuk menutup rekening kjp memerlukan apa saja?,persiapan apa yang harus dilakukan bilamana ingin menutup rekening kjp,saat sudah lulus nanti apakah saya bisa menutup rekening kjp saya?,bagaimana alur untuk melakukan penutupan rekening kjp?,"saya ingin menutup kjp, apa prosedurnya",cara mengajukan penutupan kjp,butuh info langkah2 menutup kjp ,tidak ingin memakai kjp lagi,cara menonaktifkan kjp,syarat untuk penutupan kjp,dokumen yang perlu disiapkan untuk menutup kjp apa saja,saya mau menutup kjp segera,tahapan yang dilalui untuk penutupan kjp ,panduan untuk penutupan kjp dong min,butuh bantuan untuk menutup kjp tolong jelaskan ,mekanisme penutupan kjp yang kamu ketahui,tampilkan informasi untuk menutup kjp secara permanen,proses penutupan kjp,"untuk menutup kjp, apa aja yang harus dipersiapkan",akses info penutupan kjp,info soal penutupan kjp ada nggak?,berikan informasi mengenai mekanisme tutup kjp,info dokumen yang dibutuhkan untuk urus tutup kjp,kasih info tentang prosedur penutupan kjp,gimana biar bisa menonaktifkan rekening kjp,mohon dipandu untuk dokumen yang diperlukan dalam menutup kjp,bisa bantu kasih info alur penutupan kjp gak kak,eh tolong beritahu dong syarat tutup kjp,mohon arahannya min apa saja yang disiapkan untuk menutup rekening kjp,apakah siswa sma aktif bisa menutup rekening kjp,biasanya tutup kjp membutuhkan berkas apa,rekening kjp bisa ditutup dengan cara,apakah kamu tahu soal penutupan kjp? gimana tuh caranya,biar bisa tutup kjp tuh gimana alurnya,,,,,,,,,,,,,,,,,,,,,,,,,,,,,,,,,,,,,,,,,,,,,,,,,,,,,,,,,,,,,,,,,,,,
157,Kartu Hilang/tertelan,"Apabila kartu ATM hilang/tertelan, kami sarankan untuk dilakukan pemblokiran kartu ATM terlebih dahulu untuk menjaga dana di rekening tetap aman melalui layanan Call Center Bank DKI (1500-351) yang tersedia 24 Jam. Jika sudah memiliki aplikasi JakOne Mobile, untuk pemblokiran Kartu ATM dapat dilakukan melalui aplikasi JakOne Mobile. Dengan langkah-langkah sebagai berikut:
 
 1. Pada Menu Utama, 'Pilih Produk Jasa & Info Rekening'
 2. Pilih 'Informasi Kartu'
 3. Pilih Rekening
 4. Pada Informasi Detail Rekening, Pilih 'Blokir'
 5. Selanjutnya Pilih 'Blokir'
 6. Kemudian Pilih Alasan Blokir Kartu
 7. Konfirmasi Blokir ATM Berhasil
 8. Status Blokir Kartu ATM Berhasil
 
Dapat juga pengurusan secara langsung di Kantor Cabang Bank DKI yang terdekat untuk pembuatan Kartu ATM yang baru dengan membawa kelengkapan dokumen berupa:
 
 1. KTP (asli dan fotokopi) pemilik rekening
 2. Buku Tabungan
 3. Biaya administrasi pembuatan Kartu ATM baru sebesar Rp. 30.000.
 4. Surat Keterangan Kehilangan dari Kepolisian apabila tidak memiliki buku tabungan.
 
Apabila status kepemilikan rekening masih dibawah nama wali (rekening dengan """"QQ""""), maka disarankan agar wali yang tertera di rekening untuk datang ke Kantor Cabang dengan membawa dokumen tambahan yaitu Kartu Keluarga dan Akta Kelahiran dari anak.
 
Kantor Cabang Bank DKI buka pada hari Senin - Jumat (tidak termasuk hari libur nasional), dari jam 08.00 s.d 15.00 WIB.","blokir kartu, kartu hilang, kartu tertelan, atm hilang, atm tertelan",usr.kartu_hilang_tertelan,bagaimana jika kartu atm saya hilang ya?,ada saran untuk mengatasi kartu atm yang hilang,"saya tidak sengaja mengilangkan kartu atm milik saya, saya harus bagaimana dong?",tahu ga sih buat urus kartu atm yang hilang kemana,jelaskan mekanisme pengurusan kartu atm yang hilang,"kartu atm saya tertelan/hilang, kalau mau mengurus apakah bisa secara online lewat jakone?",prosedur yang sesuai untuk mengurus kartu atm yang tertelan,bisa dibantu untuk mengurus kartu atm saya yang tertelan,"kartu atm punyaku ga tahu dimana, aku perlu lakukan apa dong?",kalau mau ngurusin atm yang hilang apakah harus ke akntor cabang?,saya dibantu tidak mengatasi kartu atm yang hilang,rincikan langkah-langkah untuk menangani atm yang tertelan/hilang,"sepupu saya atmnya hilang, penanganannya harus bagaimana?",bagaimana prosedur penanganan atm yang hilang/tertelan,sebaiknya harus melakukan apa jika tidak sengaja menghilangkan kartu atm,langkah yang harus diambil saat kartu atm tertelan,ada saran jika kartu atm hilang/tertelan maka perlu lapor kemana,aku bisa lakukan penanganan apa waktu kartu atm punyaku menghilang,"aku ga sengaja banget hilangin kartu atm, nah kalau mau urus gituan dimana?",kepo soal cara urus atm yang hilang bagaimana,"eh, kamu paham ga sih kartu atm yang hilang bisa diurus dimana selain di kantor cabang?","kalau ga mau ke kantor cabang, kartu atm yang hilang/tertelan bisa diurus dimana saja ya?",apakah tidak bisa mengurus kartu atm yang hilang/tertelan secara online lewat jakone?,sediakan detail informasi untuk menangani kartu atm yang hilang,umumnya mereka yang kehilangan kartu atm harus melakukan prosedur apa saja untuk mengurusnya?,"aku masih belum tahu cara urus kartu atm yang hilang, bisa kamu bantu saya?",proses untuk mengurus kartu atm yang hilang,"kartu atm hilang/tertelan karena ketidaksengajaan, maka saya dapat menanganninya dengan cara apa?",bagaimana proses penanganan yang bisa dilakukan jika kartu atm hilang,"akibat keteledoran saya, kartu atm saya menghilang, bagaimana saya dapat mengurusnya ya?",kamu tahu nggak cara ngurus kartu atm yang tertelan,atm hilang nih apa yang harus dilakukan,min infoin dong solusi untuk atm tertelan,atm hilang panik banget,kartu gue hilang bisa bantu blokir gak min,panduan untuk mengurus atm yang tertelan apakah ada,pagi min atm saya hilang mohon bantuannya,tunjukkin mekanisme pelaporan atm yang hilang,perlihatkan langkah mengurus kartu tertelan yang kamu ketahui,kendala kartu hilang min mohon arahannya,bisa dibantu untuk atm hilang gimana cara blokirnya,jika atm tertelan apa langkah yang dilakukan,apabila kartu hilang maka solusinya,"halo, saya ingin tahu soal atm tertelan gimana mengatasinya",mau tau mekanisme lapor atm hilang dong,kira kira adakah penanganan untuk kartu yang hilang kak ,biasanya kartu tertelan ribet gak ngurusnya?,tolong kasih aku informasi untuk atasi kartu hilang apa saja langkahnya,saat atm hilang apa langkah pertama yang dilakukan,eh atm aku tertelan apa tindakan yang seharusnya diambil,bisa kasih saya informasi untuk tangani kartu hilang,pagi kak kartu saya tertelan apakah harus segera diblokir?,mohon bantu saya untuk blokir kartu yang hilang,"atm saya barusan tertelan, sebaiknya langsung blokir atau gimana ya?",halo min bantu blokir atm yang hilang apakah boleh,mau blokir atm yang tertelan bisa nggak ya kira kira,bisa kasih tahu mekanisme lapor kartu hilang seperti apa,langkah selanjutnya setelah atm tertelan ,seperti apa proses blokir atm yang hilang,kartu yang tertelan gimana menanganinya,blokir atm,atm hilang,atm tetelan,"atm saya tertelan, jadi mau saya blokir","cara blokir atm gimana, kartunya tertelan",aku mau blokir atm karena kartunya tertelan,mau blokir atm karena kartunya tertelan,"bagaimana ini, kartu saya tertelan, carablokirnya bagai mana yah?",saya ingin memblokir atm,"kartu atm saya hilang, untuk pemblokirannya bagaimana?",,,,,,,,,,,,,,,,,,,,,,,,,,,,,,,,,,,,,,,,,,,,,,,,,,,,,,,,,,
158,Pembukaan Rekening Online,"Berikut langkah-langkah pembukaan rekening secara Online :
 
 1. Buka Aplikasi New JakOne Mobile, pilih 'Selanjutnya', lalu 'Mulai'
 2. Setujui Syarat & Ketentuan
 3. Pada halaman Konfirmasi, pilih 'Tidak'
 4. Masukkan No. HP
 5.Masukkan Kode OTP
 6. Pilih Jenis Tabungan
 7. Siapkan e-KTP untuk di scan
 8. Foto e-KTP, Lalu Pilih 'Gunakan Foto'
 9. Cek dan Lengkapi Data Diri, Data Pelengkap, Data Pekerjaan, dan Data Keuangan
 10. Lakukan Verifikasi Wajah
 11. Ikuti Arahan Saat Verifikasi Wajah
 12. Buat PIN untuk Bertransaksi
 13. Buat Password untuk Login Akun
 14. Registrasi Berhasil. Salin User ID untuk Lanjut Login. Lalu Pilih 'Kembali Login'
 Pastikan nomor handphone yang terdaftar dalam keadaan aktif, memiliki internet tersedia, serta memiliki pulsa agar dapat menerima SMS Kode OTP.
 
 • Pembukaan rekening online tidak ada biaya untuk setoran awal pembukaan rekening, serta tidak mendapatkan fasilitas Buku Tabungan.
 • Kartu ATM bersifat opsional. Pengajuan untuk Kartu ATM Bank DKI melalui aplikasi JakOne Mobile.","buat rekening, buka rekening, rekening online, pembuatan rekening, pembukaan rekening",usr.pembukaan_rekening_online,proses untuk membuat rekening online,kalau mau buka rekening perlu apa aja ya?,"aku tertarik bikin rekening nih, prosesnya gimana tuh",sediakan informasi seputar cara membuka rekening secara online,buka rekening secara online bisa kan? caranya?,sebutkan langkah untuk membuat rekening baru secara online,bagi yang tertarik membuka rekening online prosedurnya bagaimana?,boleh dibantu untuk membuka rekening baru?,"saya perlu untuk membuat rekening, bisa dijelaskan langkahnya",sediakan panduan untuk pembukaan rekening,mau tahu nih cara buat rekening gimana,kalau mau buatin rekening buat saudara gimana ya caranya,tata cara yang benar untuk pembukaan rekening baru secara online,pembukaan rekening itu prosesnya apa saja?,kamu bisa rincikan cara untuk membuka rekening online yang benar?,umumnya rekening dapat dibuat secara online dengan langkah-langkah seperti apa,carikan informasi untuk membuat rekening secara online untuk saya,"saya ingin membuka rekening dalam waktu dekat namun tidak tahu cara pastinya, bisa dibantu sediakan panduannya?",panduan pembuatan rekening online,prosedur yang tepat dalam membuka rekening,buka rekening alurnya bagaimana?,proses yang ada pada pembukaan rekening,buat rekening secara online perlu apa apa ya?,tahu ga sih buat rekening itu prosedurnya bagaimana?,biasanya yang mau membuat rekening itu harus melalui proses apa saja?,"halo kak, mohon dibantu untuk pembuatan rekening untuk saya",kepo soal buka rekening tuh gimana kalau dilakukan secara online,"saya tidak bisa datang langsung ke kantor cabang untuk membuat rekening, jika dilakukan secara online tata caranya bagaimana?",mohon untuk berikan detail informasi pembukaan rekening,buka rekening mekanisme yang penting apa min?,adakah informasi seputar pembuatan rekening,langkah pembukaan rekening seperti apa,bisa gak sih bikin rekening secara online,mohon dipandu untuk langkah dalam buat rekening apa saja,tunjukkin cara buat rekening yang kamu ketahui,ingin tahu nih buka rekening langkahnya bagaimana,halo min seperti apa mekanisme pembuatan rekening,gimana prosedur buat rekening online? bisa dijelaskan?,apakah memungkinkan untuk membuka rekening tanpa harus ke bank?,saya mau buat rekening mohon arahannya,perlihatkan alur pembukaan rekening secara online,hei kamu tau ga cara buka rekening gimana,tunjukin dong cara buat rekening ,kak bisa tunjukin cara buka rekening online,bisa nggak sih bikin rekening online aja tanpa ke bank?,kasih tahu saya gimana cara buat rekening dari awal,"pengen buka rekening nih, prosesnya kayak gimana ya",buat rekening itu ribet nggak? gimana caranya?,kalau mau buka rekening apa aja yang harus disiapkan,cara gampang buka rekening,step2 untuk pembuatan rekening,pembukaan rekening butuh biaya gak,"mau buka rekening tapi masih bingung, tolong jelasin alurnya",ingin buat rekening tapi gak tahu mulai dari mana,pembuatan rekening apakah bisa dilakukan secara online,pembukaan rekening apa saja prosedurnya ,buka rekening tanpa setoran awal bisa atau gak sih,bisa jelasin nggak gimana proses buat rekening dari nol,sekarang buka rekening bisa online ya?,pembuatan rekening tanpa datang ke bank mungkin nggak,,,,,,,,,,,,,,,,,,,,,,,,,,,,,,,,,,,,,,,,,,,,,,,,,,,,,,,,,,,,,,,,,,,,
159,Kartu ATM terblokir karena salah password,"Apabila Kartu ATM Bank DKI milik Ibu Annisa yang terblokir dikarenakan kesalahan memasukkan PIN Kartu ATM, maka kami sarankan untuk dapat datang ke Kantor Cabang Bank DKI yang terdekat untuk melakukan Reset PIN Kartu ATM dengan membawa kelengkapan dokumen berupa:
 
 1. KTP Asli Pemilik Rekening
 2. Buku Tabungan
 3. Kartu ATM
 4. Biaya administrasi Reset PIN Kartu ATM sebesar Rp 15.000,-
 
Kantor Cabang Bank DKI buka pada hari Senin - Jumat (tidak termasuk hari libur nasional), dari jam 08.00 s.d 15.00 WIB.","ATM keblokir, ATM terblokir, kartu terblokir, ATM salah pin",usr.atm_terblokir_salah_pin,atasi atm terblokir,gimana kalau atm terblokir karena salah pin,"aku lupa pin atm dan terblokir, gimana nih",prosedur untuk atm yang terblokir harus lakukan apa?,informasi soal atasi atm yang terblokir,bagaimana jika atm kita terblokir,"kartu ATM saya terblokir karena salah memasukkan PIN, bagaimana cara membukanya",apakah ada cara untuk mengatasi kartu atm bank dki yang terblokir tanpa harus ke bank?,"saya salah memasukkan PIN ATM sebanyak tiga kali, apa yang harus saya lakukan?","aku lupa sama pin atm ku terus malah keblokir sekarang, aku ngurus ini gimana?",bagaimana jika kartu atm bank dki kita terblokir karena salah password,kamu tahu cara buka blokir kartu atm bank dki kah?,mekanisme untuk mengatasi kartu atm yang terblokir karena lupa pin,"saya tidak sengaja melupakan pin atm saya dan mencoba berkali-kali hingga terblokir, ada saran agar bisa dibuka blokirnya?",apa saja syarat untuk mengurus atm yang diblokir karena lupa pin,prosedur serta syarat untuk mengurus rekening yang diblokir,"rekening saya diblokir karena saya lupa pin, untuk mengurusnya perlu apa saja?",bisa dibantu untuk mengurus rekening yang diblokir,"ATM punyaku keblokir gara-gara salah PIN, gimana cara balikin?","aku lupa PIN ATM terus salah masukin, sekarang keblokir. Ada solusinya?",mengenai atm yang terblokir bagaimana langkah-langkah untuk mengurusnya,bila seseorang lupa pin atm miliknya dan membuat atmnya terblokir maka apa yang perlu dilakukan,tindakan yang harus dilakukan jika atm terblokir,kalau mau urus atm yang keblokir kemana ya biasanya?,"ATM saya tidak bisa digunakan setelah salah memasukkan PIN beberapa kali, apakah bisa diaktifkan kembali?","Saya baru ganti PIN ATM dan malah ke-lock karena lupa, bagaimana cara membukanya?","Kalau ATM udah keblokir, harus bikin baru atau bisa dibuka lagi?",bisa ga reser pin atm yang keblokir,"aku tuh lupa pin atm ku yang baru, terus jadi keblokir karena dicoba berkali-kali, ada solusi buat ngurusinnya?",perlu lakukan apa biar atm ga di blokir lagi karena lupa pin,atm terblokir gara gara salah pin beberapa kali,salah masukin pin atm lalu keblokir,cara mengatasi atm terblokir,"waduh atm saya keblokir, gimana cara buka blokirnya?","kartu gue terblokir, bisa bantu buka gak",cara agar atm keblokir bisa digunakan lagi,mau ambil uang tapi kartu keblokir,tolong dibantu untuk mengurus atm terblokir,atm keblokir akibat salah memasukkan pin atm,apabila kartu keblokir maka solusinya,min infoin dong solusi atm yang keblokir,halo min saya salah memasukkan pin atm berakhir terblokir,pin atm salah mulu gimana nih,mekanisme buka blokir atm akibat salah masukin pin,atm terblokir mekanisme pengurusannya gimana,bisa jelasin cara mengatasi kartu atm yang terblokir?,pemulihan kartu keblokir ,alur yang diikuti jika atm terblokir karena salah pin,apa yang harus dilakukan jika kartu terblokir,seperti apa penanganan kartu keblokir,panik banget aku salah memasukkan pin atm dan sekarang atm keblokir,permisi min jika atm terblokir apa mekanisme yang harus diikuti,tindakan untuk menangani atm keblokir akibat kesalahan pin,bingung mengurus kartu terblokir tolong beri saya petunjuk,berikan saya solusi untuk atm yang terblokir akibat salah memasukkan pin,ada info buat menangani kartu terblokir?,butuh arahan untuk menindaklanjuti atm keblokir,mau tau dong cara mengurus kartu keblokir seperti apa,ingin mengurus atm keblokir tapi nggak tahu caranya,apakah informasi mengenai penanganan atm terblokir tersedia,,,,,,,,,,,,,,,,,,,,,,,,,,,,,,,,,,,,,,,,,,,,,,,,,,,,,,,,,,,,,,,,,,,,
160,Cetak Rekening Koran,"Untuk pengecekan rekening koran bisa dilakukan melalui aplikasi JakOne Mobile dan melalui Kantor Cabang Bank DKI. Jika pengecekan rekening koran melalui JakOne Mobile dapat mengikuti langkah-langkah sebagai berikut:
 
 1. Pilih produk jasa dan info rekening
 2. Pilih Rekening Koran
 3. Pilih Periode bulan yang ingin diunduh
 4.Rekening Koran Berhasil di Download dan Dikirim ke Email
 
Mohon dipastikan kembali email yang terdaftar di akun JakOne Mobile dalam keadaan aktif dan berkenan memeriksa pada bagian Spam, Junk, atau Promotion pada email.
 
Rekening koran melalui JakOne Mobile bisa diunduh untuk tiga bulan terakhir dan untuk bulan yang sudah dilalui dikarenakan untuk bulan yang masih berjalan belum tersedia untuk diunduh.
 
Jika tidak memiliki aplikasi JakOne Mobile silahkan melakukan cetak rekening koran melalui Kantor Cabang Bank DKI dengan datang langsung ke Kantor Cabang Pembukaan Rekening dengan membawa kelengkapan dokumen berupa: KTP asli, Buku Tabungan, Kartu ATM Bank DKI, dan Biaya administrasi cetak Rekening Koran sebesar Rp. 2.500,00 / lembar.
 
Kantor Cabang Bank DKI buka pada hari Senin - Jumat (tidak termasuk hari libur nasional), dari jam 08.00 s.d 15.00 WIB.","rekening koran, cetak rekening",usr.cetak_rekening_koran,cetak rekening koran gimana ya?,sediakan mekanisme untuk mengecek rekening koran,"kalau perlu melakukan cetak rekening koren, langkahnya apa saja",jelaskan soal prosedur pengecekan rekening koran di jakone,apakah saya bisa mencetak rekening koran melalui jakone,tahukah kamu soal cara agar bisa mencetak rekening koran,"saya perlu untuk melakukan pengecekan rekening koran saya, bisakah sediakan tata caranya?",prosedur untuk cetak rekening min,di mana saya bisa melakukan pencetakan rekening koran,saya ingin mencetak rekening koran untuk enam bulan terakhir. Apakah bisa dilakukan melalui JakOne Mobile?,"jika saya tidak memiliki JakOne Mobile, bagaimana cara mendapatkan rekening koran?",kamu ngerti buat cetak rekening perlu apa saja?,"Kalau mau lihat rekening koran lewat JakOne Mobile, gimana caranya?","aku butuh rekening koran buat urusan penting, bisa langsung jadi nggak?",pegurusan cetak rekening koran seperti apa ya?,umumnya untuk cetak rekening koran harus bagaimana?,kemana supaya kita bisa cetak rekening koran,"aku butuh buat cetak rekening koran nih, caranya bagaimana",mohon untuk sediakan informasi detail untuk cetak rekening koran,apakah ada cara lain selain datang ke bank untuk mendapatkan rekening koran?,proses cetak rekening koran seperti apa? dan perlu bayar kah?,ini ga harus ke kantor cabang kan buat cetak rekening koran,bisa kan buat lakukan cetak rekening tanpa perlu datang ke kantor cabang,"untuk prosedur percetakan rekening koran itu apa saja, perlukah biaya untuk mencetaknya?","jika saya ingin mencetak rekening koran untuk satu tahun terakhir, bagaimana prosedurnya?","kalau mau ambil rekening koran di bank, bisa langsung datang atau harus bikin janji dulu",kalau mau datang langsung ke kantor cabang buat urus cetak rekening tuh bisa kan?,ada ga cara yang simpel buat cetak rekening tanpa harus repot-repot ke kantor cabang?,detail informasi mengenai cara untuk mencetak rekening koran,rekening koran dapat dicetak di aplikasi jakone kah?,alur untuk mencetak rekening koran ,ingin cetak rekening koran syaratnya apa saja?,panduan cetak rekening,jika ingin mencetak rekening apa saja langkah yang dilakukan ,eh tahu gak cetak rekening koran gimana caranya,mengenai rekening koran kalau ingin mencetak gimana tahapannya,bisa dibantu untuk proses pencetakan rekening koran ,apakah cetak rekening bisa dilakukan online,biar bisa cetak rekening gimana  caranya ya,bisa dibantu untuk proses cetak rekening?,apabila ingin mencetak rekening koran maka prosedurnya,kamu tahu mengenai rekening koran itu cara cetaknya gimana,biasanya untuk cetak rekening harus lakukan apa,rekening koran bisa dicetak dengan cara,prosedur pencetakan rekening koran di jakone,apakah kamu tahu soal rekening koran? gimana tuh caranya biar bisa dicetak,bisa dibantu gak kak untuk cetak rekening itu,"jika saya ingin mencetak rekening koran, maka prosesnya seperti apa",langkah yang harus dilakukan untuk melakukan pencetakan rekening koran,mohon dipandu untuk langkah dalam mencetak rekening,jika perlu rekening koran dapat mengeceknya melalui,kaya gimana cara cek rekening koran ,kalau mau cetak rekening harus ke kantor cabang dulu ya?,pencetakan rekening kayak gimana sih,ada rekening koran kan? itu cara ceknya bagaimana,"saya butuh rekening koran, gimana cara melihatnya",cek rekening koran dong,tolong kasih tau cara cek rekening koran,mau cetak rekening nih kasih tau alurnya ya,mekanisme untuk cek rekening koran ada gak min?,,,,,,,,,,,,,,,,,,,,,,,,,,,,,,,,,,,,,,,,,,,,,,,,,,,,,,,,,,,,,,,,,,,,
161,Pencairan KJP,"Kami informasikan mohon kesediaan dari Bapak/Ibu untuk dapat menunggu sampai proses Pendistribusian Bantuan Program untuk Kartu Jakarta Pintar (KJP) selesai. Untuk informasi lebih lanjut tentang pencairan dana KJP Plus, Berkenan Bapak/Ibu dapat mengikuti instagram @disdikdki, @upt.p4op dan @jakonemobile, atau dapat menghubungi Dinas Pendidikan melalui alamat email p4opdisdik@jakarta.go.id serta dapat datang langsung untuk mengetahui informasi lebih lanjut dikarenakan pencairan dana merupakan wewenang dari Dinas P4OP.","pencairan KJP, KJP cair",usr.pencairan_kjp,informasi pencairan KJP,"kjp kapan cairnya, ada info?",kamu tahu ga soal pencairan kjp,kjp proses pencairannya bagaimana,seperti apa prosedur pencairan kjp bulan ini,kamu ada informasi yang tersedia soal kjp ga?,apakah ada keterlambatan pencairan kjp ya kak?,dapat informasi soal kjp biasanya dimana?,"biar tetep up to date soal pencairan kjp, bisa akses informasi dimana?",bisa dibantu untuk penciaran kjp itu kapan dan bagaimana?,mekanisme untuk pencairan kjp gimana ya min,kjp cairnya kapan nih? udah nunggu banget,"ga sabar kjp cair, tahu ga kapan?","ini kjp kapan masuk rekening, udah waktunya ga sih",kok ya kjp belum cair-cair sih?,dapet info soal pencairan kjp nih biasanya dimana,kamu sediakan informasi tentang pencairan kjp ga nih?,"halo, bisa dibantu untuk mencari informasi terkait pencairan kjp",soal pencairan kjp itu biasanya kapan?,"umumnya, kjp akan cair pada saat apa?",punya info baru ga soal pencairan kjp,"butuh uang, kjp kapan cair?",kapan sih kjp dananya kelar didistribusikan?,"eh, kjp bulan ini udah bisa diambil?",bulan ini apakah dana kjp sudah bisa diambil,uang kjp udah cair belum min? ada info?,udah bisa belum kalau mau ngambil dana kjp kita ya,apakah sudah ada pengumuman resmi mengenai jadwal pencairan kjp bulan ini?,ada info resmi dari Disdik soal pencairan KJP?,"saya butuh dana KJP segera, apakah bisa dicairkan lebih cepat?",pencairan kjp sudah diproses belum,tolong dibantu untuk pencairan kjp min,adakah info terbaru untuk pencairan kjp,untuk kjp apakah bisa cair sekarang,mau tahu buat pencairan kjp apakah sudah ada info detailnya,kjp udah cair belum ya?,apakah kjp bisa dicairkan segera,pencairan kjp sudah ada info terbaru belum,kenapa kjp teman anak saya sudah cair sedangkan punya anak saya belum,penyebab kjp belum cair,"kjp anak tetangga saya sudah cair, apakah ada jadwal berbeda untuk pencairannya","untuk kjp yang belum cair, apakah ada prosedur yang harus dilakukan?",ke mana harus menghubungi pencairan kjp yang belum masuk?,kjp belum cair ke rekening,adakah kendala yang menyebabkan pencairan kjp belum merata,"mohon bantuan, kjp anakku belum cair sedangkan teman temannya sudah","penyebab kjp saya belum cair, sementara yang lain sudah",pencairan kjp dilakukan bertahap atau serentak,"jika kjp tidak kunjung cair, apa langkah yang harus diambil?","perlu dana kjp, apakah bisa dicairkan lebih cepat?",siapa yang bisa saya hubungi untuk pencairan kjp,mohon dipandu untuk pencairan kjp seperti apa,gimana biar kjp bisa cair,nasib pencairan kjp gimana min? lagi butuh duit nih,apa yang perlu dilakukan agar kjp cair secepatnya,adakah prosedur tambahan untuk mempercepat pencairan kjp,kontak yang bisa dihubungi untuk pencairan kjp ada gak,perkembangan terbaru pencairan kjp,eh kjp kok belum cair ya?,waduh pencairan kjp belum masuk rekening nih,,,,,,,,,,,,,,,,,,,,,,,,,,,,,,,,,,,,,,,,,,,,,,,,,,,,,,,,,,,,,,,,,,,,
162,Aplikasi JakOne Mobile tidak tersedia di playstore,"Sebelumnya mohon maaf atas ketidaknyamanannya. Kami informasikan bahwa saat ini Aplikasi JakOne Mobile sedang peningkatan jaringan sehingga tidak tersedia pada Play Store dan App Store dan tidak bisa melakukan Registrasi, Aktivasi pada Jakone Mobile. Disarankan dapat mencoba kembali beberapa waktu kedepan.","Jakone tidak ada di playstore, jakone ga ada di playstore, jakone tidak muncul di playstore",usr.aplikasi_jakone_tidak_tersedia_di_playstore,kok aplikasi jakone ga ada di plystore ya?,aplikasi jakone tidak tersedia saat ini di playstore,boleh tahu kenapa jakone ga ada di playstore,"waktu dicari di playstore, aplikasi jakone ga ada min",kenapa nih jakone ga muncul di playstore,bisa dibantu ga nih kok jakone ga ada di playstore,"aku udah cari di playstore aplikasi jakone, tapi kenapa ga ada?",aplikasi jakone yang tidak muncul di playstore,jakone tidak bisa diunduh lewat playstore kah?,di playstore ga ada aplikasi jakone kak,"saya cari aplikasi jakone dan ga ada di playstore, kenapa ya?",mengapa jakone tidak hadir di playstore,alasan yang membuat jakone tidak ada di app store,"di app store punyaku ga ada jakone ya, kenapa tuh?",informasi soal jakone yang ga ada di app store,infonya dong min kok jakone ga tersedia di app store dan playstore,"aku dah cari di app store dan playstore tapi ga nemu jakone, emang ga ada kah?",ini memang tidak tersedia jakone ya di app store?,jakone ga muncul di app store kah min?,memang ini dasarnya jakone ga tersedia di app store atau kenapa ya?,waktu cari lewat play store kenapa jakone ga ada nih,tahu ga kenapa jakone ga muncul di app store,baik di app store atau di playstore nih jakone ga ada terus tuh kenapa ya?,kok bisa di app store ga tersedia jakone?,kepo kenapa di playstore sama app store waktu cari aplikasi jakone pasti ga munvul,ini kok ga muncul ya pas mau cari aplikasi jakone di playstore,latar belakang mengapa jakone tidak tersedia di playstore maupun app store,apakah memang jakone tidak ada di app store?,bagaimana bisa di app store maupun playstore tidak muncul jakone,jakone memang ga dimunculin di playstore kah?,gak nemuin jakone di play store,"kenapa saat saya cari jakone di app store, aplikasinya tidak ada?",jakone hilang dari play store,apakah kamu tau kenapa jakone tidak muncul di app store ,penyebab jakone tidak tersedia di play store ,"pas cari jakone di app store, kok gak muncul ya",permisi min apa alasan jakone tidak tersedia di play store,mau unduh jakone di app store tapi tidak ada,bisa dibantu gak kak kenapa jakone gak muncul di play store saya,kemarin jakone masih ada kenapa sekarang hilang dari app store,butuh jakone tapi gak ketemu di playstore,"ingin unduh jakone di app store tapi tidak muncul, adakah solusi?","halo min, jakone masih beroperasi gak sih? kok di play store gak ada?",jakone gak bisa dicari di app store,akses jakone dari play store kenapa ditiadakan,"jakone gak muncul di playstore saya, apakah hp saya yang bermasalah?",emangnya jakone gak dirilis kah di app store,"misi kak, jakone udah gak aktif kah? kenapa hilang dari play store?",tadi pagi mau unduh jakone di app store tapi gak ketemu,tahukah kamu soal jakone yang tidak ada di play store,info terkait ketiadaan jakone di app store,faktor jakone ditarik dari play store,mengapa jakone menghilang tiba tiba dari app store,akankah jakone kembali tersedia di play store,"jakone gak muncul di app store, sedang ada perbaikan kah?","saya ingin mengunduh jakone di play store, tapi tidak bisa menemukannya",eh jakone ke mana ya? kok nggak ada sih di app store?,"jakone gak bisa dicari di app store, hp saya yang bermasalah atau gimana nih?",jakone masih beroperasi gak? kok di play store gak muncul?,apakah jakone menghilang permanen dari app store,,,,,,,,,,,,,,,,,,,,,,,,,,,,,,,,,,,,,,,,,,,,,,,,,,,,,,,,,,,,,,,,,,,,