parent_id,id,respond,intent_name,sample_text1,sample_text2,sample_text3,sample_text4,sample_text5,sample_text6,sample_text7,sample_text8,sample_text9,sample_text10,sample_text11,sample_text12,sample_text13,sample_text14,sample_text15,sample_text16,sample_text17,sample_text18,sample_text19,sample_text20,sample_text21,sample_text22,sample_text23,sample_text24,sample_text25,sample_text26,sample_text27,sample_text28,sample_text29,sample_text30,sample_text31,sample_text32,sample_text33,sample_text34,sample_text35,sample_text36,sample_text37,sample_text38,sample_text39,sample_text40,sample_text41,sample_text42,sample_text43,sample_text44,sample_text45,sample_text46,sample_text47,sample_text48,sample_text49,sample_text50,sample_text51,sample_text52,sample_text53,sample_text54,sample_text55,sample_text56,sample_text57,sample_text58,sample_text59,sample_text60,sample_text61,sample_text62,sample_text63,sample_text64,sample_text65,sample_text66,sample_text67,sample_text68,sample_text69,sample_text70,sample_text71,sample_text72,sample_text73,sample_text74,sample_text75,sample_text76,sample_text77,sample_text78,sample_text79,sample_text80,sample_text81,sample_text82,sample_text83,sample_text84,sample_text85,sample_text86,sample_text87,sample_text88,sample_text89,sample_text90,sample_text91,sample_text92,sample_text93,sample_text94,sample_text95,sample_text96,sample_text97,sample_text98,sample_text99,sample_text100,sample_text101,sample_text102,sample_text103,sample_text104,sample_text105,sample_text106,sample_text107,sample_text108,sample_text109,sample_text110,sample_text111,sample_text112,sample_text113,sample_text114,sample_text115,sample_text116,sample_text117,sample_text118,sample_text119,sample_text120,sample_text121,sample_text122,sample_text123,sample_text124,sample_text125,sample_text126,sample_text127,sample_text128,sample_text129,sample_text130,sample_text131,sample_text132,sample_text133,sample_text134,sample_text135,sample_text136,sample_text137,sample_text138,sample_text139,sample_text140,sample_text141,sample_text142,sample_text143,sample_text144,sample_text145,sample_text146,sample_text147,sample_text148,sample_text149,sample_text150,sample_text151,sample_text152,sample_text153,sample_text154,sample_text155,sample_text156,sample_text157,sample_text158,sample_text159,sample_text160,sample_text161,sample_text162,sample_text163,sample_text164,sample_text165,sample_text166,sample_text167,sample_text168,sample_text169,sample_text170,sample_text171,sample_text172,sample_text173,sample_text174,sample_text175,sample_text176,sample_text177,sample_text178,sample_text179,sample_text180,sample_text181,sample_text182,sample_text183,sample_text184,sample_text185,sample_text186,sample_text187,sample_text188,sample_text189,sample_text190,sample_text191,sample_text192,sample_text193,sample_text194,sample_text195,sample_text196,sample_text197,sample_text198,sample_text199,sample_text200,sample_text201,sample_text202,sample_text203,sample_text204,sample_text205,sample_text206,sample_text207,sample_text208,sample_text209,sample_text210,sample_text211,sample_text212,sample_text213,sample_text214,sample_text215,sample_text216,sample_text217,sample_text218,sample_text219,sample_text220,sample_text221,sample_text222,sample_text223,sample_text224,sample_text225,sample_text226,sample_text227,sample_text228,sample_text229,sample_text230,sample_text231,sample_text232,sample_text233,sample_text234,sample_text235,sample_text236,sample_text237,sample_text238,sample_text239,sample_text240,sample_text241,sample_text242,sample_text243,sample_text244,sample_text245,sample_text246,sample_text247,sample_text248,sample_text249,sample_text250,sample_text251,sample_text252,sample_text253,sample_text254,sample_text255,sample_text256,sample_text257,sample_text258,sample_text259,sample_text260,sample_text261,sample_text262,sample_text263,sample_text264,sample_text265,sample_text266,sample_text267,sample_text268,sample_text269,sample_text270,sample_text271,sample_text272,sample_text273,sample_text274,sample_text275,sample_text276,sample_text277,sample_text278,sample_text279,sample_text280,sample_text281,sample_text282,sample_text283,sample_text284,sample_text285,sample_text286,sample_text287,sample_text288,sample_text289,sample_text290,sample_text291,sample_text292,sample_text293,sample_text294,sample_text295,sample_text296,sample_text297,sample_text298,sample_text299,sample_text300,sample_text301,sample_text302,sample_text303,sample_text304,sample_text305,sample_text306,sample_text307,sample_text308,sample_text309,sample_text310,sample_text311,sample_text312,sample_text313,sample_text314,sample_text315,sample_text316,sample_text317,sample_text318,sample_text319,sample_text320,sample_text321,sample_text322,sample_text323,sample_text324,sample_text325,sample_text326,sample_text327,sample_text328,sample_text329,sample_text330,sample_text331,sample_text332,sample_text333,sample_text334,sample_text335,sample_text336,sample_text337,sample_text338,sample_text339,sample_text340,sample_text341,sample_text342,sample_text343,sample_text344,sample_text345,sample_text346,sample_text347,sample_text348,sample_text349,sample_text350,sample_text351,sample_text352,sample_text353,sample_text354,sample_text355,sample_text356,sample_text357,sample_text358,sample_text359,sample_text360,sample_text361,sample_text362,sample_text363,sample_text364,sample_text365,sample_text366,sample_text367,sample_text368,sample_text369,sample_text370,sample_text371,sample_text372,sample_text373,sample_text374,sample_text375,sample_text376,sample_text377,sample_text378,sample_text379,sample_text380,sample_text381,sample_text382,sample_text383,sample_text384,sample_text385,sample_text386,sample_text387,sample_text388,sample_text389,sample_text390,sample_text391,sample_text392,sample_text393,sample_text394,sample_text395,sample_text396,sample_text397,sample_text398,sample_text399,sample_text400,sample_text401,sample_text402,sample_text403,sample_text404,sample_text405,sample_text406,sample_text407,sample_text408,sample_text409,sample_text410,sample_text411,sample_text412,sample_text413,sample_text414,sample_text415,sample_text416,sample_text417,sample_text418,sample_text419,sample_text420,sample_text421,sample_text422,sample_text423,sample_text424,sample_text425,sample_text426,sample_text427,sample_text428,sample_text429,sample_text430,sample_text431,sample_text432,sample_text433,sample_text434,sample_text435,sample_text436,sample_text437,sample_text438,sample_text439,sample_text440,sample_text441,sample_text442,sample_text443,sample_text444,sample_text445,sample_text446,sample_text447,sample_text448,sample_text449,sample_text450,sample_text451,sample_text452,sample_text453,sample_text454,sample_text455,sample_text456,sample_text457,sample_text458,sample_text459,sample_text460,sample_text461,sample_text462,sample_text463,sample_text464,sample_text465,sample_text466,sample_text467,sample_text468,sample_text469,sample_text470,sample_text471,sample_text472,sample_text473,sample_text474,sample_text475,sample_text476,sample_text477,sample_text478,sample_text479,sample_text480,sample_text481,sample_text482,sample_text483,sample_text484,sample_text485,sample_text486,sample_text487,sample_text488,sample_text489,sample_text490,sample_text491,sample_text492,sample_text493,sample_text494,sample_text495,sample_text496,sample_text497,sample_text498,sample_text499,sample_text500,sample_text501,sample_text502,sample_text503,sample_text504,sample_text505,sample_text506,sample_text507,sample_text508,sample_text509,sample_text510,sample_text511,sample_text512,sample_text513,sample_text514,sample_text515,sample_text516,sample_text517,sample_text518,sample_text519,sample_text520,sample_text521,sample_text522,sample_text523,sample_text524,sample_text525,sample_text526,sample_text527,sample_text528,sample_text529,sample_text530,sample_text531,sample_text532,sample_text533,sample_text534,sample_text535,sample_text536,sample_text537,sample_text538,sample_text539,sample_text540,sample_text541,sample_text542,sample_text543,sample_text544,sample_text545,sample_text546,sample_text547,sample_text548
1,JakOne Mobile,"Berikut kami informasikan Fitur JakOne Mobile:
- Digital Opening Account
- Pembelian Dan Pembayaran
- Tarik Tunai Tanpa Kartu
- Transfer Dana
- Pembayaran QRIS
- Loyalti Poin
- JakOne Pay

[image]

[button] Limit Jenis Kartu
[button] Fasilitas JakOne",usr.dki_jakone_mobile,fitur jakone mobile,info lengkap fitur jakone mobile,detail rincian fitur yang dimiliki jakone mobile,pengen tau fitur jakone mobile,jakone mobile itu fiturnya ada apa aja kak? jelasin dong,kalau aplikasi jakone mobile itu fiturnya ada apa aja sih emang?,minta rincian fitur yang disediakan jakone mobile dong,jakone mobile punya fitur-fitur apa aja nih kalo boleh tau,tanya seputar fitur yang ada di jakone mobile kak,info fitur jakone mobile ada dibagian mana ya? mau liat dong,banyak ga sih fiturnya jakone mobile?,ada berapa banyak ya untuk fitur yang disediakan di jakone mobile,jakone mobile itu fitur-fiturnya ada apa aja bro? bisa jelasin gak nih,penjelasan lengkap tentang berbagai fitur yang ada pada jakone mobile,"tolong dong, rincian fitur jakone mobile nya",kemana aku bisa liat rincian fitur yang disediain sama jakone mobile,jakone mobile ada fitur apa aja nih yang bisa ngebantuin aku?,"aku mau liat dong detail fitur jakone mobile, kira-kira ada yang berguna untuk aku atau engga",banyak gak sih untuk fitur-fitur dari jakone mobile? jawab dong,untuk liat daftar fitur jakone mobile ada dibagian mana,list lengkap fitur jakone mobile,daftar fitur-fitur yang disediakan pada jakone mobile,daftar lengkap dari seluruh fitur milik jakone mobile,jakone mobile memiliki fitur seperti apa? ada daftar rinciannya gak ya?,"halo mba, aku mau tanya dong... fiturnya jakone mobile itu apa ya?",apa aja yang bisa dilakukan jakone mobile,banyak yang bisa dilakukan gak sih di aplikasi jakone mobile,ini di aplikasi jakone mobile kita bisa melakukan apa aja tuh,"infonya dong, kalau di jakone mobile itu bisa lakuin apa aja?","ehh, di aplikasi jakone mobile, aku bisa lakuin apa aja ya kak",ini aplikasi jakone mobile bisa buat apa sih,aplikasi jakone mobile bisa dipake buat apa ya bro? jelasin coba,apa saja yang bisa kita lakukan di aplikasi jakone mobile,rincian hal yang bisa dilakukan pada aplikasi jakone mobile dong,kegiatan yang bisa dilakukan via aplikasi jakone mobile itu apa?,jakone mobile bisa dipakai untuk apa,fungsi dari jakone mobile,jakone mobile bisa berfungsi untuk apa aja sih,fungsi lengkap aplikasi jakone mobile,ada gak yah info soal fungsi yang tersedia di jakone mobile,ada apa aja si fungsi dari jakone mobile,"list lengkap mengenai fungsi jakone mobile kak, pengen liat",ada artikel yang menyediakan soal fungsi-fungsi jakone mobile gak?,dimana aku bisa liat fungsi dari jakone mobile,aku saat ini penasaran sama fungsi yang dimiliki oleh jakone mobile,aplikasi jakone mobile ini bisa berfungsi untuk melakukan apa aja?,fungsi seperti apa yang bisa kita lakukan lewat jakone mobile,kalau di jakone mobile itu nanti ada fungsi apa aja ya yang bisa ku gunain,fungsi seperti apa yang tersedia di jakone mobile? ada penjelasannya atau tidak?,"fungsi lengkap dari jakone mobile dong, butuh penjelasannya nih",,,,,,,,,,,,,,,,,,,,,,,,,,,,,,,,,,,,,,,,,,,,,,,,,,,,,,,,,,,,,,,,,,,,,,,,,,,,,,,,,,,,,,,,,,,,,,,,,,,,,,,,,,,,,,,,,,,,,,,,,,,,,,,,,,,,,,,,,,,,,,,,,,,,,,,,,,,,,,,,,,,,,,,,,,,,,,,,,,,,,,,,,,,,,,,,,,,,,,,,,,,,,,,,,,,,,,,,,,,,,,,,,,,,,,,,,,,,,,,,,,,,,,,,,,,,,,,,,,,,,,,,,,,,,,,,,,,,,,,,,,,,,,,,,,,,,,,,,,,,,,,,,,,,,,,,,,,,,,,,,,,,,,,,,,,,,,,,,,,,,,,,,,,,,,,,,,,,,,,,,,,,,,,,,,,,,,,,,,,,,,,,,,,,,,,,,,,,,,,,,,,,,,,,,,,,,,,,,,,,,,,,,,,,,,,,,,,,,,,,,,,,,,,,,,,,,,,,,,,,,,,,,,,,,,,,,,,,,,,,,,,,,,,,,,,,,,,,,,
2,JakOne Mobile > Limit Jenis Kartu,"Berikut kami informasikan Limit Jenis Kartu:
-Kartu Merah / Reguler:
1. Tarik tunai : Rp. 10.000.000,- / hari, dengan maksimal penarikan 10x
2. Transfer ke sesama Rekening Bank DKI melalui JakOne Mobile : Rp. 100.000.000,- / hari
3. Transfer ke sesama Rekening Bank DKI melalui Mesin ATM : Rp. 15.000.000,-
4. Transfer ke Rekening Bank Lain menggunakan JakOne Mobile maupun Mesin ATM : Rp. 10.000.000,- / hari

-Kartu Gold:
1. Tarik tunai : Rp. 12.000.000,- / hari, dengan maksimal penarikan 12x
2. Transfer ke sesama Rekening Bank DKI melalui JakOne Mobile : Rp. 100.000.000,- / hari
3. Transfer ke sesama Rekening Bank DKI melalui Mesin ATM : Rp. 50.000.000,-
4. Transfer ke Rekening Bank Lain menggunakan JakOne Mobile maupun Mesin ATM : Rp. 25.000.000,- / hari

-Kartu Platinum:
1. Tarik tunai : Rp. 15.000.000,- / hari, dengan maksimal penarikan 15x
2. Transfer ke sesama Rekening Bank DKI melalui JakOne Mobile maupun Mesin ATM : Rp. 100.000.000,- / hari
3. Transfer ke Rekening Bank Lain melalui Mesin ATM : Rp. 50.000.000,-
4. Transfer ke Rekening Bank Lain menggunakan JakOne Mobile : Rp. 100.000.000,- / hari",usr.dki_jakone_limit,jenis kartu atm bank DKI,mau tanya dong jenis kartu atm bank dki ada apa aja ya,boleh dikasih tau dulu soal jenis kartu atm bank dki,kalau di bank dki ada jenis kartu atm apa aja,jenisnya ada apa aja ya untuk kartu atm di bank dki,penasaran nih sama jenis-jenis kartu atm yang ada di bank dki,apa saja jenis-jenis kartu atm di bank dki,emang di bank dki tersedia jenis kartu atm apa aja yah kak,jenis atm yang tersedia di bank dki,list jenis atm di bank dki,minta detail info setiap jenis atm di bank dki,"kak, aku mau liat detail lengkapnya dong untuk semua jenis atm yang ada di bank dki",info lengkap mengenai setiap jenis atm bank dki,apa kamu bisa jelasin tentang informasi mendasar tentang detail setiap jenis atm bank dki,rincian info untuk setiap jenis atm yang disediakan bank dki,berapa limit transaksi?,untuk setiap jenis atm limit transaksinya berapa,infokan limit transaksi atm di bank dki,ada rinciannya gak sih terkait limit transaksi di setiap jenis atm yang ada?,coba kasih liat deh berapa limit transaksinya per hari untuk semua jenis atm yang disediakan oleh bank dki,di setiap jenis atm itu ada limit transaksinya gak sih,pengen tau deh berapa limit transaksi per hari nya,"tanya dong, limit transaksi atm nya berapa ya",ini ada info soal limit transaksi per hari gak sih,"permisi kak, aku pengen tau dong perihal limit transaksi di setiap jenis kartu atm yang ada di bank dki, makasih",limit tarik tunai atm bank dki,coba tunjukin info soal limit tarik tunai nya dong,aku mau tau berapa sih limit nya untuk tarik tunai,untuk atm bank dki itu limit tarik tunai nya berapa ya,bisa di infokan gak untuk berapa besaran limit tarik tunai di atm,transfer ke sesama rekening bank itu ada limitnya ga si per hari,dalam satu hari itu limit transfer ke sesama bank dki untuk setiap jenis atm berapa ya jumlahnya,ada kejelasan soal limit transfer ke sesama rekening bank dki perharinya gak,"setiap jenis atm pasti punya limit transfer ke sesama bank dki yang berbeda kan, bisa tunjukin berapa?",untuk liat limit atm transfer ke sesama ada di bagian mana?,adakah info limit transfer ke bank lain?,setiap jenis atm bank dki punya limit transfer berapa ya jika ke bank lain,"ada infonya gak si soal limit transfer ke bank lain, untuk semua jenis atm",butuh info nih soal limit perhari untuk transfer ke rekening bank lain,berapa ya limit transfer ke bank lain kalo dari atm bank dki,detail info mengenai setiap jenis atm yang tersedia di bank dki,mau liat jenis jenis atm milik bank dki dong,coba kasih liat apa aja jenis atm yang disediakan,bank dki memberikan opsi jenis atm apa aja tuh,bank dki ngasih opsi jenis atm apa aja sih? kasih liat dong,info lengkap soal limit di setiap jenis atm bank dki,untuk setiap jenis atm apakah ada info limit nya,aku pengen liat dulu deh untuk batasan transaksi di setiap jenis atm,infonya dimana nih soal batasan nominal transaksi semua jenis atm nya,berapa sih batasan nominal transaksi untuk atm di bank dki itu,,,,,,,,,,,,,,,,,,,,,,,,,,,,,,,,,,,,,,,,,,,,,,,,,,,,,,,,,,,,,,,,,,,,,,,,,,,,,,,,,,,,,,,,,,,,,,,,,,,,,,,,,,,,,,,,,,,,,,,,,,,,,,,,,,,,,,,,,,,,,,,,,,,,,,,,,,,,,,,,,,,,,,,,,,,,,,,,,,,,,,,,,,,,,,,,,,,,,,,,,,,,,,,,,,,,,,,,,,,,,,,,,,,,,,,,,,,,,,,,,,,,,,,,,,,,,,,,,,,,,,,,,,,,,,,,,,,,,,,,,,,,,,,,,,,,,,,,,,,,,,,,,,,,,,,,,,,,,,,,,,,,,,,,,,,,,,,,,,,,,,,,,,,,,,,,,,,,,,,,,,,,,,,,,,,,,,,,,,,,,,,,,,,,,,,,,,,,,,,,,,,,,,,,,,,,,,,,,,,,,,,,,,,,,,,,,,,,,,,,,,,,,,,,,,,,,,,,,,,,,,,,,,,,,,,,,,,,,,,,,,,,,,,,,,,,,,,,,,
3,JakOne Mobile > Fasilitas Pembayaran dan Pembelian,"Berikut kami informasikan Fasilitas Pembayaran dan Pembelian:
Pembayaran
- Listrik
- Kartu Kredit
- Pascabayar
- Air
- Pajak
- Retribusi
- Zakat & Donasi
- Internet
- TV Kabel
- BPJS
- Pendidikan
- Asuransi
- Transportasi

Pembelian
- Listrik Prepaid
- Paket Data
- Pulsa
- Lifestyle",usr.dki_jakone_pembayaran_pembelian,fasilitas pembayaran dan pembelian,apa aja si fasilitas pembayaran dan pembelian di jakone mobile,di jakone mobile itu tersedia fasilitas pembayaran dan pembelian apa aja yah kalau boleh tau,emang jakone mobile punya fasilitas pembayaran dan pembelian?,apakah ada fasilitas fasilitas pembayaran dan pembelian disini?,minta rincian soal fitur fasilitas pembayaran dan pembelian dong kak,disini ada gak sih untuk fitur fasilitas pembayaran dan pembelian? kalau ada coba kasih liat,info fasilitas pembayaran dan pembelian pada aplikasi jakone mobile,"kak, apa disini tersedia untuk fasilitas pembayaran dan pembelian?",di jakone mobile itu sudah tersedia fasilitas pembayaran dan pembelian atau belum ya,list fasilitas pembayaran dan pembelian yang ada,minta ditunjukan daftar lengkap dari fasilitas pembayaran dan pembelian di jakone mobile,dimana aku bisa melihat rincian dari fasilitas pembayaran dan pembelian ya?,kalau mau melihat rincian lengkap fasilitas pembayaran dan pembelian ada di menu mana sih,menu untuk melihat daftar lengkap fasilitas pembayaran dan pembelian,bisa apa aja sih di fasilitas pembayaran dan pembelian itu?,info soal pembayaran dan pembelian di jakone mobile,kalau pake jakone mobile emang bisa melakukan pembayaran dan pembelian,disini sudah bisa untuk melakukan pembayaran dan pembelian atau belum yah?,bisa gak sih melakukan pembayaran dan pembelian via jakone mobile,Apa saja fasiltas menu pembayaran pada jakone mobile?,info fasilitas pembayaran jakone mobile,di jakone mobile bisa melakukan pembayaran apa aja,info rincian fasilitas pembayaran yang bisa dilakukan,jakone mobile bisa dipakai untuk pembayaran apa aja sih,"info dong, disini bisa melakukan pembayaran apa aja tuh kak?",jenis pembayaran yang bisa dilakukan via jakone mobile,"kalau aku mau melakukan pembayaran, apa bisa dilakukan disini?",disini tersedia fitur pembayaran atau engga ya?,"permisi kak, kalau di aplikasi jakone mobile itu sudah bisa melakukan pembayaran atau engga ya?",fasilitas menu pembelian pada jakone mobile itu apa saja,kalau mau melakukan pembelian dari aplikasi jakone mobile apa bisa?,disini apa sudah bisa melakukan pembelian ya?,jenis pembelian apa aja yang tersedia di jakone mobile?,apa saja jenis pembelian yang sudah di dukung oleh jakone mobile?,info lengkap fasilitas menu pembelian,apakah bisa beli sesuatu lewat jakone mobile?,kalau mau beli sesuatu di jakone itu bisa gak si?,apa aja yang bisa di beli lewat jakone mobile ya kak? infonya dong coba,"tolong jelasin ke aku deh, apa aja yang bisa ku beli di jakone mobile ini?",di jakone bisa bayar apa aja tuh,aplikasi jakone mobile bisa dipake buat bayar apa?,"aku mau tanya dong, di jakone mobile itu sudah bisa dipakai untuk bayar apa aja ya",pada menu bayar di jakone mobile bisa digunakan untuk pembayaran apa aja si,"aku mau bayar sesuatu di jakone mobile, kira kira bisa melakukan pembayaran apa aja?",di jakone bisa bayar dan beli apa aja tuh,ada keterangannya gak sih untuk bisa beli dan bayar apa aja di jakone mobile,pembelian dan pembayaran yang sudah bisa dilakukan via jakone mobile,aku mau dikasih tau soal bisa beli dan bayar apa aja yah kalau lewat aplikasi jakone mobile,pembelian dan pembayaran apa aja yang tersedia di aplikasi jakone mobile untuk sekarang ini,,,,,,,,,,,,,,,,,,,,,,,,,,,,,,,,,,,,,,,,,,,,,,,,,,,,,,,,,,,,,,,,,,,,,,,,,,,,,,,,,,,,,,,,,,,,,,,,,,,,,,,,,,,,,,,,,,,,,,,,,,,,,,,,,,,,,,,,,,,,,,,,,,,,,,,,,,,,,,,,,,,,,,,,,,,,,,,,,,,,,,,,,,,,,,,,,,,,,,,,,,,,,,,,,,,,,,,,,,,,,,,,,,,,,,,,,,,,,,,,,,,,,,,,,,,,,,,,,,,,,,,,,,,,,,,,,,,,,,,,,,,,,,,,,,,,,,,,,,,,,,,,,,,,,,,,,,,,,,,,,,,,,,,,,,,,,,,,,,,,,,,,,,,,,,,,,,,,,,,,,,,,,,,,,,,,,,,,,,,,,,,,,,,,,,,,,,,,,,,,,,,,,,,,,,,,,,,,,,,,,,,,,,,,,,,,,,,,,,,,,,,,,,,,,,,,,,,,,,,,,,,,,,,,,,,,,,,,,,,,,,,,,,,,,,,,,,,,,,
4,JakOne Pay,"JakOne Pay adalah aplikasi yang diperuntukan bagi masyarakat umum, khususnya generasi muda dan milineal dan Gen Z untuk dapat melakukan berbagai transaksi sehari - hari dengan Source of Found (SOF) uang Elektronik JakOne Pay

[button] Fitur JakOne Pay",usr.dki_jakone_pay,penjelasan jakone pay,apa itu jakone pay,apasih yang dimaksud dengan jakone pay,"jelasin dong soal jakone pay, aku gatau artinya",kemana aku bisa liat informasi soal jakone pay ya,apa ada menu yang bisa menjelaskan soal jakone pay secara lengkap?,"aku pengen tau deh lebih lanjut soal jakone pay, bisa jelasin sekarang ga",minta penjelasan dong soal aplikasi jakone pay itu aplikasi apaan?,apa yang dimaksud dengan jakone pay,"aku pengen tau lebih lanjut mengenai aplikasi jakone pay ini, penjelasannya ada dimana",kamu tau jakone pay gak? kalau tau bisa jelasin ke aku atau engga soal itu?,informasi apapun yang tersedia soal jakone pay,penjelasan terkait jakone pay bisa aku dapatkan dimana ya,"pengen tanya soal jakone pay bro, lu tau gak jakone pay itu apaan?","buruan deh jelasin soal jakone pay, yang lengkap ya",kamu tau tentang jakone pay atau engga?,ada penjelasan jakone pay yang bisa aku baca gak? tapi yang lengkap penjelasannya,aku mau minta artikel yang menjelaskan terkait jakone pay dong kak,bisa kasih aku informasi lengkap yang berhubungan dengan penjelasan jakone pay gak?,aku mau minta dijelaskan mengenai jakone pay karena masih belum paham,apasih jakone pay itu? kamu punya penjelasannya atau enggak nih,apa yang bisa kamu jelaskan kepada saya terkait jakone pay,"kamu kalau ditanyain jakone pay itu apa, bisa jawabnya gak?",emang kamu tau soal jakone pay itu aplikasi apaan?,"kepo deh, kamu sebenernya ngerti ga si soal jakone pay itu apaan",apa yang kamu ketahui mengenai jakone pay,berikan aku apapun penjelasan yang kamu punya terkait jakone pay dong,sejauh mana kamu bisa menjelaskan ke customer tentang apa itu jakone pay,jakone pay? apa tuh? baru denger... bisa tolong jelasin gak,"wah aku baru tau ada aplikasi jakone pay, itu aplikasi untuk apa ya?",kalau jakone pay itu aplikasi apa sih? bisa jelasin dulu ga ke aku,"aku baru denger nama aplikasi jakone pay, bisa jelasin yang lengkap sekarang juga atau engga ya ke aku",apasih sebenernya jakone pay itu? bisa tolong jelasin sekarang ga?,butuh penjelasan mengenai apa itu jakone pay,"hai kak, aku mau tanya soal apa itu jakone pay dong","kak, kamu tau gak kalau jakone pay itu apa? aku gatau nih, jelasin ya","jelasin dulu ya soal jakone pay, aku masih gak ngerti nih, hehe","bro, yang namanya jakone pay itu apaan yak? kok gua ga ngerti nih",ada aplikasi yang dinamain jakone pay kan? itu apa ya? ada penjelasannya gak tuh,jakone pay? apaan tuh,itu jakone pay apa sih?,jakone pay itu apa? bisa jelasin?,tanya soal apa maksud dari jakone pay,maksudnya jakone pay itu apa ya? ngerti ga kamu?,jakone pay? apalagi sih itu? banyak banget istilahnya... jelasin deh coba,"wah ada baru lagi nih jakone pay, apa tuh penjelasannya?",mas jakone pay itu apa mas? dede belum paham apa itu jakone pay mas,aku tuh gatau loh arti dari jakone pay itu apa,ehh sebenernya aku tuh gatau maksud dari jakone pay,jelaskan pengertian dari aplikasi jakone pay yang baik dan benar menurut bank dki,,,,,,,,,,,,,,,,,,,,,,,,,,,,,,,,,,,,,,,,,,,,,,,,,,,,,,,,,,,,,,,,,,,,,,,,,,,,,,,,,,,,,,,,,,,,,,,,,,,,,,,,,,,,,,,,,,,,,,,,,,,,,,,,,,,,,,,,,,,,,,,,,,,,,,,,,,,,,,,,,,,,,,,,,,,,,,,,,,,,,,,,,,,,,,,,,,,,,,,,,,,,,,,,,,,,,,,,,,,,,,,,,,,,,,,,,,,,,,,,,,,,,,,,,,,,,,,,,,,,,,,,,,,,,,,,,,,,,,,,,,,,,,,,,,,,,,,,,,,,,,,,,,,,,,,,,,,,,,,,,,,,,,,,,,,,,,,,,,,,,,,,,,,,,,,,,,,,,,,,,,,,,,,,,,,,,,,,,,,,,,,,,,,,,,,,,,,,,,,,,,,,,,,,,,,,,,,,,,,,,,,,,,,,,,,,,,,,,,,,,,,,,,,,,,,,,,,,,,,,,,,,,,,,,,,,,,,,,,,,,,,,,,,,,,,,,,,,,,
5,JakOne Pay > Fitur JakOne Pay,"Berikut kami informasikan Fitur JakOne Pay:
- Registrasi SIM Card Luar Negeri
- Profil Pengguna
- Scan To Pay (QRIS)
- JakOne Pay
- Top Up JakOne Pay
- Mutasi Transaksi

[image]",usr.dki_jakone_fitur_pay,fitur jakone pay,infonya dong fitur dari jakone pay,daftar fitur lengkap jakone pay,jelasin fitur dari jakone pay,fitur apa aja yang ada di dalam aplikasi jakone pay yah,coba jelasin tentang fitur lengkap milik aplikasi jakone pay,apakah ada daftar mengenai fitur-fitur dari jakone pay kak?,"coba tanya deh, fitur dari jakone pay itu apa aja yah emangnya",kalau di jakone pay itu fitur-fiturnya apa aja sih yang ditawarkan,fitur yang tersedia pada aplikasi jakone pay milik bank dki,"aku tanya dong, di aplikasi jakone pay itu fitur-fiturnya ada apa aja sih kalau boleh dikasih tau",aku gatau soal fitur yang tersedia di jakone pay nih,pengen tau dong fitur yang ada di jakone pay itu apa? ada banyak gak,banyak ga si fitur dari jakone pay itu,apa aja tuh berbagai fitur yang ada di aplikasi jakone pay,dari jakone pay sendiri menyediakan fitur-fitur yang seperti apa ya untuk usernya,user bisa menikmati fitur apa aja sih kalau memakai jakone pay,ada penjelasan untuk aku ga? terkait fitur yang ada di jakone pay kak,kemana ya aku bisa dapetin info soal fitur yang tersedia di aplikasi jakone pay ini,kalau jakone pay itu fiturnya apa aja sih? lengkap ga?,apa aja kegunaan dari jakone pay kak,tolong jelasin secara rinci mengenai kegunaan dari jakone pay,"ehh bro, kalau kegunaan dari jakone pay itu apa aja ya",ini gunanya aplikasi jakone pay apa sih kalau boleh dijelasin,tolong jelasin soal apa aja kegunaan dari jakone pay secara gamblang dan lengkap,"minta daftar kegunaan dari aplikasi jakone pay ini dong, kepo soalnya",sebenernya kegunaan dari jakone pay itu apa aja sih emangnya,jakone pay bisa digunakan untuk apa aja,jakone pay itu nantinya bisa aku gunakan untuk apa aja ya? penjelasan fiturnya dimana nih,jelasin kegunaan dari fitur jakone pay itu sendiri untuk apa aja,"wih, jakone pay punya fitur apa aja tuh, bisa kasih tau ke aku kali",petunjuk fitur-fitur yang tersedia di jakone pay secara lengkap ada dimana ya,"pengen tau lebih lanjut nih soal fitur jakone pay, coba jelasin mas","oke, sekarang coba jelasin fitur dari jakone pay",sekarang coba deh jelasin fitur fiturnya jakone pay itu apa,"kalau ada user tanya soal fitur jakone pay, kamu bisa jawab ga pertanyaan itu","misal ada pertanyaan masuk soal jakone pay, kamu kira-kira bisa jelasin fiturnya apa aja gak?",aku harap kamu bisa tunjukin fitur apa aja yang ada pada jakone pay,pengen deh dijelasin tentang fitur yang ada di jakone pay,"aku pengguna baru jakone pay, bisa dijelasin fitur fiturnya apa aja?","aku baru banget download jakone pay, tapi gatau fiturnya nih","wah aku gatau fiturnya jakone pay itu apa, jelasin dong",ini jakone pay fiturnya apa aja sih? jadi kepo deh,"mau dijelasin dong untuk fitur yang ada pada jakone pay, bisa kan?","kak, aku pengen nanya deh... fitur jakone pay itu apa aja emangnya?",emangnya jakone pay punya fitur apa aja tuh? aku sebagai user pengen tau kak,kemana ya aku bisa cari penjelasan fitur lengkap dari jakone pay itu sendiri?,dimana aku bisa dapetin info fitur jakone pay,informasi lengkap terkait fitur dan kegunaan dari jakone pay,jakone pay sendiri kegunaannya untuk apa ya? ada penjelasan fiturnya gak tuh,,,,,,,,,,,,,,,,,,,,,,,,,,,,,,,,,,,,,,,,,,,,,,,,,,,,,,,,,,,,,,,,,,,,,,,,,,,,,,,,,,,,,,,,,,,,,,,,,,,,,,,,,,,,,,,,,,,,,,,,,,,,,,,,,,,,,,,,,,,,,,,,,,,,,,,,,,,,,,,,,,,,,,,,,,,,,,,,,,,,,,,,,,,,,,,,,,,,,,,,,,,,,,,,,,,,,,,,,,,,,,,,,,,,,,,,,,,,,,,,,,,,,,,,,,,,,,,,,,,,,,,,,,,,,,,,,,,,,,,,,,,,,,,,,,,,,,,,,,,,,,,,,,,,,,,,,,,,,,,,,,,,,,,,,,,,,,,,,,,,,,,,,,,,,,,,,,,,,,,,,,,,,,,,,,,,,,,,,,,,,,,,,,,,,,,,,,,,,,,,,,,,,,,,,,,,,,,,,,,,,,,,,,,,,,,,,,,,,,,,,,,,,,,,,,,,,,,,,,,,,,,,,,,,,,,,,,,,,,,,,,,,,,,,,,,,,,,,,,
6,JakOne Erte,"JakErte Merupakan Fitur Baru di JakOne Mobile untuk mempermudah Ketua RT dan Warga dalam pengelolaan iuran, informasi surat menyurat serta laporan bulanan RT dan Pembayaran Iuran warga dilakukan secara non tunai melalui JakOne Mobile.

[button] Fitur JakOne Erte
[button] Tata Cara Pengajuan",usr.dki_jakone_erte,aplikasi jakone erte,aplikasi jakone erte itu apa ya,jakone erte ini aplikasi buat apa?,layanan jakone erte itu untuk apa saja,jakone erte itu program apa ?,"info dong min, jakone erte itu apa",mau nanya kala cari info tentang jakone erte ada nggak,jelaskan mengenai jakone erte dong,jakone erte,halo bisa kasih info jakone erte,buat apaan ya jakone erte?,produk Jakone Erte tuh apa sih?,program Jakone Erte di bank dki ini buat apa ya?,Jakone Erte ini buat apa sih?,Layanan Jakone Erte tujuannya buat apa aja sih?,Jakone Erte ini program buat pengelola rt ya,"Info dong, Jakone Erte itu aplikasi buat tata kelola rt bukan sih","Mau nanya nih, info dong program erte dari bank dki",Bisa jelaskan apa sih Jakone Erte?,"Eh, Jakon Erte itu apa ya?","Hai, bisa kasih info tentang Jakone Erte nggak ya?",bank dki ada program digital jakone erte ya,jakone erte di bank dki,"nanya min, program dari bank dki buat kepengurusan rt namanya apa ya?","saya pernah dengar aplikasi buat rt, itu nama programnya apa ya","sebelumnya ditawarkan program untuk pengelolaan rt, nama programnya apa kalau saya boleh tau","pernah ditawarin produk di bank dki buat urusan rt, sebutin nama produknya dong",pernah diinfoin layanan dari bank dki buat kepengurusan rt,layanan bank dki untuk kepengurusan rt,urusan rt bisa pake layanan yang mana ya,"kalau ada urusan rt, program dari bank dki bisa pake yang mana ya",pengelolaan rt dengan warga kalau nggak salah dari bank dki ada programnya deh,urusan rt dengan warga seingetku pernah ditawarin sama bank dki,program layanan urusan rt,nama produk dari bank dki buat urusan rt dengan warga,kepengurusan rt bisa pake jakone erte kah?,"Mau tanya, program yang disediakan Bank DKI untuk urusan RT namanya apa ya?","Aku pernah denger ada aplikasi buat RT, namanya apa ya?","Dulu pernah ditawarin program untuk pengelolaan RT, tahu nggak namanya apa?","Aku pernah diajak lihat produk di Bank DKI buat urusan RT, tapi lupa namanya.",Kemarin aku dikasih info tentang layanan dari Bank DKI buat kepengurusan RT.,Bank DKI punya layanan untuk urusan RT nggak?,"Buat urusan RT, layanan yang mana yang bisa dipake ya?","Kalau ada urusan RT, program dari Bank DKI yang bisa dipake yang mana ya?","Ada program dari Bank DKI buat pengelolaan RT sama warga, kayaknya.",Dulu pernah diajak lihat urusan RT sama warga dari Bank DKI.,"Program layanan buat urusan RT, itu namanya apa ya?","Nama produk dari Bank DKI buat urusan RT sama warga, tahu nggak?",jakone rt itu buat apa ya,urus laporan rt bisa pake program apa,buat pengelolaan rt pake aplikasi apa ya yang dari bank dki,lihatin lagi daftar jakon erte nya,layanan jakone rt infonya dong min,tampilkan jakone erte,balik ke menu jakone rt,bisa tampilin lagi program jakone rt nggak?,penjelasan program jakone rt dari bank dki,lihat info jakone rt,kelola urusan rt pake apps apa,kalau nggak salah di bank dki ada program buat kelola urusan rt ya?,lihat menu jakone rt,balik lagi dong ke info jakone erte,lihatin lagi jakon rt nya ,aplikasi buat ngurus rt di bank dki,kemaren dapat info ada program buat kepengurusan rt di bank dki,jakon rt bisa mudahin kepengurusan rt nggak sih?,kalau nggak salah program jakon erte bisa mudahin pengelolaan rt ya,bisa ngemudahin urusan rt nggak sih kalau pake program dari bank dki?,katanya kalau pake aplikasi dr bank dki bisa mudahin urusan rt ya?,apps jakone erte,,,,,,,,,,,,,,,,,,,,,,,,,,,,,,,,,,,,,,,,,,,,,,,,,,,,,,,,,,,,,,,,,,,,,,,,,,,,,,,,,,,,,,,,,,,,,,,,,,,,,,,,,,,,,,,,,,,,,,,,,,,,,,,,,,,,,,,,,,,,,,,,,,,,,,,,,,,,,,,,,,,,,,,,,,,,,,,,,,,,,,,,,,,,,,,,,,,,,,,,,,,,,,,,,,,,,,,,,,,,,,,,,,,,,,,,,,,,,,,,,,,,,,,,,,,,,,,,,,,,,,,,,,,,,,,,,,,,,,,,,,,,,,,,,,,,,,,,,,,,,,,,,,,,,,,,,,,,,,,,,,,,,,,,,,,,,,,,,,,,,,,,,,,,,,,,,,,,,,,,,,,,,,,,,,,,,,,,,,,,,,,,,,,,,,,,,,,,,,,,,,,,,,,,,,,,,,,,,,,,,,,,,,,,,,,,,,,,,,,,,,,,,,,,,,,,,,,,,,,,,,,,,,,,,,,,,,,,,,
7,JakOne Erte > Fitur JakOne Erte,"Berikut kami informasikan Fitur JakErte:
Menu RT
- Profil RT
- Iuran Warga
- Data Warga
- Pengumuman
- Daftar Iuran
- Iuran Pribadi
- Surat Menyurat
- Pengaturan
- Laporan Bulanan Rt

Menu Warga
- Profil RT
- Iuran Pribadi
- Struktur RT
- Surat Menyurat
- Pengaturan

[image]",usr.dki_jakone_fitur_erte,fitur jakone erte,apa ya fitur yang ditawarkan jakone erte,fitur yang tersedia di jakone erte,apa aja fitur yang ada di program jakone erte,fitur yang ada di program jakone erte ada apa aja,jakone erte punya fitur apa aja ya?,jakone erte nyediain fitur buat apa aja sih?,fitur yang ada di layanan jakone erte,info dong min fitur yang disediakan di aplikaisi jakone erte,info fitur yang bisa digunakan di jakone erte,Fitur apa yang ada di Jakone Erte,Ada apa saja fiturnya di Jakone Erte?,Apa saja yang bisa dilakukan dengan layanan Jakone Erte?,Fitur-fitur apa yang ditawarkan oleh Jakone Erte,Apa saja fitur yang tersedia di Jakone Erte?,Ada fitur apa saja di Jakone Erte ya,Jakone Erte punya fitur apa saja?,Apa saja yang bisa dilakukan dengan fitur-fitur Jakone Erte?,Coba infoin fitur-fitur yang ada di Jakone Erte.,Ada informasi tentang fitur-fitur yang tersedia di aplikasi Jakone Erte?,kita bisa pake jakone rt buat apa aja,fungsinya aplikasi jakone rt apaan ya?,"kalau mau ikut program jakone rt, fasilitas yang didapat apa aja ya",layanan jakone rt bisa dipake buat apa ya,program jakone rt bank dki fungsinya apa sih,manfaat gunain program jakon rt,manfaatnya aplikasi jakone rt buat kepengurusan rt apa,tolong lihatkan dong  fungsi kalau ikutan jakone rt,"ikutan program jakone rt, fasilitas yang didapat apa aja",kita bisa dapat manfaat apa saja buat rt kalau ikutan jakone erte,"kalau ikutan program jakone erte, fasilitas yang disediakan apa saja?",fasilitas jakon rt jika mengikuti programnya,manfaat ikut program jakone erte,"kalau rt ikut program jakone erte dari bank dki, apa saja manfaatnya?","rt saya berniat ikut program dari bank dki, apa saja fasilitas yang didapat?","rt tempat saya ingin ikuti program di bank dki, fitur yang tersedia apa saja",kita bias pake jakone rt buat apa aja ya,"warga yang daftar jakone rt, bisa pake aplikasinya untuk apa aja?",manfaat jakone erte untuk warga rt yang mengikuti program,fasilitas yang ada di program jakon erte untuk warga,Untuk apa sih layanan JakOne RT ini bisa digunakan?,"Nah, program JakOne RT dari Bank DKI itu berguna buat apa ya?",Apa manfaatnya kalo kita gunain program JakOne RT ini?,"Kalo pake aplikasi JakOne RT, ada manfaatnya buat pengurusan RT apa aja ya?",Bisa tolong dijelasin apa aja fungsi yang ada kalo ikutan JakOne RT?,"Kalo ikutan program JakOne RT, apa aja fasilitas yang bisa didapet?",Kita bisa dapet manfaat apa aja buat RT kalo ikutan JakOne RT?,"Kalo ikutan program JakOne RT, fasilitas yang disediakan apa aja?",Ada fasilitas apa aja kalo ikutan program JakOne RT?,Apa manfaatnya kalo ikut program JakOne RT?,"Kalo RT ikutan program JakOne RT dari Bank DKI, apa manfaatnya?","Kalo RT saya mau ikut program dari Bank DKI, apa aja fasilitas yang bakal didapat?","Di RT tempat saya, kalo ikutan program di Bank DKI, fiturnya apa aja yang ada?",Buat apa aja sih kita bisa pake JakOne RT ini?,"Warga yang daftar JakOne RT, aplikasinya bisa dipake buat apa aja ya?",Apa manfaatnya buat warga RT yang ikutan program JakOne RT?,Ada fasilitas apa aja di program JakOne RT untuk warga?,bisa lihatin fitur jakone rt buat warga rt nggak min,tolong tampilkan menu fungsi jakone erte dong,manfaat menggunakan jakone erte,kegunaan aplikasi jakone erte,jakone erte bisa dipake buat apa?,"buat urusan rt, jakeone erte bisa kita buat apa aja sih?",manfaat kalau pake jakone erte buat kepengurusan rt,"rt saya tertarik buat ikutan jakone erte, manfaat nya kalau ikutan bisa dapat apa aja ya",manfaat gabung program jakone erte,,,,,,,,,,,,,,,,,,,,,,,,,,,,,,,,,,,,,,,,,,,,,,,,,,,,,,,,,,,,,,,,,,,,,,,,,,,,,,,,,,,,,,,,,,,,,,,,,,,,,,,,,,,,,,,,,,,,,,,,,,,,,,,,,,,,,,,,,,,,,,,,,,,,,,,,,,,,,,,,,,,,,,,,,,,,,,,,,,,,,,,,,,,,,,,,,,,,,,,,,,,,,,,,,,,,,,,,,,,,,,,,,,,,,,,,,,,,,,,,,,,,,,,,,,,,,,,,,,,,,,,,,,,,,,,,,,,,,,,,,,,,,,,,,,,,,,,,,,,,,,,,,,,,,,,,,,,,,,,,,,,,,,,,,,,,,,,,,,,,,,,,,,,,,,,,,,,,,,,,,,,,,,,,,,,,,,,,,,,,,,,,,,,,,,,,,,,,,,,,,,,,,,,,,,,,,,,,,,,,,,,,,,,,,,,,,,,,,,,,,,,,,,,,,,,,,,,,,,,,,,,,,,,,,,,,,,,,,,,,,,
8,JakOne Erte > Tata Cara Pengajuan JakOne Erte,"Berikut kami informasikan Tata Cara Pengajuan JakOne Erte:
1.Pilih Produk Jasa dan Rekening
2.Pilih Menu Erte
3.Baca Dan Setujui Syarat dan Ketentuan
4.Pilih RT Saya belum terdaftar
5.Pilih Rekening Pribadi Atau Buat Rekening RT Baru Untuk Digunakan Sebagai Tabungan RT
6.Upload SK RT
7. Cek Dan Input Data Alamat RT dan RW
8.Pengajuan Sedang Diproses
9.Pengajuan RT Berhasil, Bagikan Kode RT Untuk Registrasi Warga",usr.dki_jakone_erte_pengajuan,cara pengajuan jakone erte,cara mengikuti program jakone erte bank dki,bagaimana cara daftar layanan jakone erte?,rt saya ingin mengajukan pendaftaran program jakone erte,"rt asya berencana ikutan jakone erte, bagaimana caranya?",min boleh infokan bagaimana rt mendaftar di program jakone erte,cara pendaftaran jakone erte bagi rt yang berminat gimana ya?,tutorial pendaftaran program jakone erte di bank dki,tutor dong step pendaftaran program jakone erte yang ada di bank dki,ini caranya gimana sih pengajuan jakone erte buat rt saya,pengajuan daftar jakone erte,info tutor ikut jakone erte,min mau nanya caranya ikutan layanan jakone erte bagaimana ya,rt saya tertarik untuk ikutan jakone erte,"rt di tempat saya mau bergabung di jakone erte, cara ngajuinnya bagaimana?",Gimana cara ngajuin jakone erte?,Cara ikut program jakone erte di bank dki gimana ya?,Cara daftar layanan jakone erte tuh gimana sih?,"Aku mau daftar program jakone erte, gimana caranya ya?","Aku pengen ikutan jakone erte, gimana caranya tuh?","Kak, bisa kasih tau cara daftar di program jakone erte dong","Buat yang minat ikutan jakone erte, cara daftar nya gimana ya?",Ada yang tau gak cara daftar program jakone erte di bank dki?,Gimana caranya daftar jakone erte buat temen-temen di sini ya?,"Aku mau daftar jakone erte, gimana ya caranya?",Pengen tau cara daftar jakone erte dong.,"Mau ikutan jakone erte, tapi gak tau caranya, bisa tolong dibantu","Kak, boleh minta info cara ikut jakone erte?",Aku penasaran gimana cara ikutan layanan jakone erte.,"rt daerah saya ada yang mau ikutan jakone erte, gimana caranya tuh?","katanya jakone erte bisa mudahin urusan rt, cara daftarnya bagaimana","kalau ikutan jakeone erte katanya banyak manfaat buat pengelolaan rt, bagaimana cara ikutannya?","tutor daftar jakone rt , rt saya mau ngajukan pendaftaran","ketua rt pengen daftar program jakone rt, infonya dong",rt ditempat saya pengen ikutan layanan jakone rt bank dki,"saya dapat info bank dki punya program untuk rt, cara ikutannya gimana?","saya pernah ditawarkan program dari bank dki untuk urusan rt, bagaimana cara daftarnya","pernah ditawarin layanan untuk kepengurusan rt, bisa dibantu buat daftarnya?",langkah pengajuan jakone rt,"saya tertarik untuk ikut program jakone rt, cara pengajuannya bagaimana",tata cara pendaftaran jakone erte untuk rt,tata cara pengajuan di aplikasi jakone erte,cara daftar di aplikasi jakone erte gimana ya?,gimana sih cara ngajuin pendaftaran jakone rt buat kepengurusan rt,gimana ya caranya daftar di aplikasi jakone rt,"katanya jakone rt bisa mudahin urusan rt kayak urus surat pengantar, bagaimana cara pengajuannya",mau nanya min cara pengajuan di aplikasi jakone erte bagaimana?,spill dong min info cara ngajuin ikut program aplikasi jakon erte,"kalau saya tertarik buat ikutan program jakone erte, bagaimana cara ngajuin pendaftarannya",cara ajuin pendaftaran di aplikasi jakone rt,ajukan pendaftaran untuk program kepengurusan rt,lihatin dong tata cara daftar untuk ikut program jakone erte,lihat tata cara pendaftaran jakone erte,tolong tampilkan informasi cara pengajuan di layanan jakone erte,cara daftar di apps jakone erte,bagaimana cara ikutan program yang ada di apps jakone rt?,"rt saya pengen ikutan layanan jakone erte, kasih tau cara daftar di appsnya dong",,,,,,,,,,,,,,,,,,,,,,,,,,,,,,,,,,,,,,,,,,,,,,,,,,,,,,,,,,,,,,,,,,,,,,,,,,,,,,,,,,,,,,,,,,,,,,,,,,,,,,,,,,,,,,,,,,,,,,,,,,,,,,,,,,,,,,,,,,,,,,,,,,,,,,,,,,,,,,,,,,,,,,,,,,,,,,,,,,,,,,,,,,,,,,,,,,,,,,,,,,,,,,,,,,,,,,,,,,,,,,,,,,,,,,,,,,,,,,,,,,,,,,,,,,,,,,,,,,,,,,,,,,,,,,,,,,,,,,,,,,,,,,,,,,,,,,,,,,,,,,,,,,,,,,,,,,,,,,,,,,,,,,,,,,,,,,,,,,,,,,,,,,,,,,,,,,,,,,,,,,,,,,,,,,,,,,,,,,,,,,,,,,,,,,,,,,,,,,,,,,,,,,,,,,,,,,,,,,,,,,,,,,,,,,,,,,,,,,,,,,,,,,,,,,,,,,,,,,,,,,,,,,,,,,,,,,,,,,,,,,,,,,,,,,,
9,JakOne Abank,"Berikut kami informasikan Fitur JakOne Abank:
- Transaksi Bank
- Uang Elektronik
- Pengajuan Produk
- Pembayaran Tagihan
- Pembelian/Isi Ulang
- Layanan Pemprov
- Donasi
- Web Management

[image]

[button] JakOne Abank Apps
[button] Cara Pengajuan Abank",usr.dki_jakone_abank,jakone abank,jakone abank itu apa,program mitra di bank dki,nama program jadi mitra di bank dki itu apa?,program kerjasama bank dki dengan agen,program dari bank dki yang kerjasama sama agen namanya apa,bank dki punya program yang bermitra dengan agen kan ya,tertarik dengan program mitra jakone abank,jakone abank itu program mitra dari bank dki ya,dari bank dki punya program mitra nggak ya,penjeasan tentang jakone abank,jakone abank itu apa ya?,"min mau nanya, produk abank itu apa ya",produk jakone abank di bank dki  itu apa?,penjelasannya dong program jakone abank untuk yang mau jadi agen,buat yang pengen jadi agen boleh diinfokan nggak programnya apa?,"saya berniat jadi agen, boleh jelasin programnya dari bank dki",mitra agen dengan bank dki,jakone abank itu program untuk jadi agen mitra yah?,Apa nama program dari Bank DKI yang bekerja sama dengan agen?,Apakah Bank DKI punya program yang berkolaborasi dengan agen?,Saya tertarik dengan program mitra dari Jakone Abank. Bagaimana penjelasannya?,Apa itu Jakone Abank?,Produk apa yang ditawarkan oleh Abank di Bank DKI?,Bisa jelaskan tentang program Jakone Abank bagi yang ingin menjadi agen?,Bolehkah saya tahu informasi tentang programnya untuk menjadi agen?,Saya berminat menjadi agen. Bolehkah dijelaskan tentang program dari Bank DKI?,Apa yang dimaksud dengan mitra agen di Bank DKI?,Apakah Jakone Abank merupakan program untuk menjadi mitra agen?,"saya berminat jadi agen di bank dki, boleh dijelaskan manfaatnya apa aja","saya tertarik daftar jadi mitra jakone abank, jelasin fiturnya dong",jelasin fiturnya jakone abank,fitur yang ada di jakone abank apa saja?,kita bisa gunakan layanan apa aja sih di jakone abank,"jadi agen di bank dki, bisa menggunakan layanan apa aja",layanan yang tersedia jika menadi agen abank di bank dki,fasilitas yang didapatkan jika menjadi agen jakone abank,"kalau kita daftar jadi mitra bank dki, boleh dijelaskan kita bisa mendapatkan apa aja?","saya mau daftar jadi mitra agen bank dki, boleh jelasin manfaat nya apa aja?",min tolong jelaskan manfaat jika mengikuti program jakone abank,"di program mitra bank dki, kita bisa dapetin apa saja?",jelasin dong manfaat jadi mitra di bank dki,"Gue mau jadi agen di Bank DKI, apa sih untungnya?","Gue pengen gabung jadi mitra Jakone ABank, fiturnya apa aja ya?",Bisa jelasin dong fitur-fitur Jakone abank,Fitur apa aja yang ada di Jakone abank?,Layanan apa aja yang bisa kita pake di Jakone ABank,"Kalo jadi agen di Bank DKI, bisa pake layanan apa aja?",Ada layanan apa aja buat agen di Bank DKI?,"Kalo jadi mitra Bank DKI, kita bisa dapet apa aja","Gue mau daftar jadi mitra agen Bank DKI, untungnya apa aja ya?","Min, tolong jelasin untungnya kalo ikutan program Jakone abank","Di program mitra Bank DKI, kita bisa dapetin apa aja ya?",Jelasin dong untungnya jadi mitra di Bank DKI,fitur yang disediakan di jakone abank,"kalau pake jakone abank, kita bisa ngapain aja","di jakone abank, bisa apa aja ya?",tampilkan informasi jakone abank,tolong lihatkan jakone abank,bisa ke menu jakone abank nggak,menu jakone abank,lihatin info jakone abank dong,jakone abank bisa dilihat dimana infonya?,manfaat agen bank dki,fasilitas jadi mitra abank,,,,,,,,,,,,,,,,,,,,,,,,,,,,,,,,,,,,,,,,,,,,,,,,,,,,,,,,,,,,,,,,,,,,,,,,,,,,,,,,,,,,,,,,,,,,,,,,,,,,,,,,,,,,,,,,,,,,,,,,,,,,,,,,,,,,,,,,,,,,,,,,,,,,,,,,,,,,,,,,,,,,,,,,,,,,,,,,,,,,,,,,,,,,,,,,,,,,,,,,,,,,,,,,,,,,,,,,,,,,,,,,,,,,,,,,,,,,,,,,,,,,,,,,,,,,,,,,,,,,,,,,,,,,,,,,,,,,,,,,,,,,,,,,,,,,,,,,,,,,,,,,,,,,,,,,,,,,,,,,,,,,,,,,,,,,,,,,,,,,,,,,,,,,,,,,,,,,,,,,,,,,,,,,,,,,,,,,,,,,,,,,,,,,,,,,,,,,,,,,,,,,,,,,,,,,,,,,,,,,,,,,,,,,,,,,,,,,,,,,,,,,,,,,,,,,,,,,,,,,,,,,,,,,,,,,,,,,,,,,,,,
10,JakOne Abank > JakOne Abank Apps,"Berikut kami informasikan Fitur Apps JakOne Abank:
- Transaksi Bank
- Pembayaran
- Layanan Pemprov
- Manajemen Toko
- Uang Elektronik
- Pembelian
- Donasi
- Laporan

[image]",usr.dki_jakone_abank_apps,JakOne Abank Apps,Fitur Mobile Apps JakOne Abank,Apa saja fitur-fitur Mobile Apps JakOne Abank?,aplikasi mobile jakone abank fiturnya apa aja,di aplikasi jakone apps bisa dipakai apa aja,apps mobile jakone abank layanannya apaan ya,fitur yang ada di apps hp jakone abank,aplikasi hp jakone abank layananna ada apa aja,"di apps jakone abank, sebutin fitur fitur yang ada dong",jakone abank apps apa yang bisa kita lakuin,tolong jelasin fitur yang ada di apk mobile abank dong,fitur aplikasi hp jakone abank,apa aja ya fitur apps jakone abank,"sebagai agen, kita bisa pake apa aja di apps jakone abank","mau nanya kalau saya jadi agen, di apps hp jakone abank layanannya ada apa aja?","min kalau sudah jadi agen, fitur apa saja yang ada di apps jakone abank",apa saja yang disediakan di aplikasi jakone abank yang ada di hp,aplikasi jakone abank yang ada di hp bisa dipake apa aja?,fitur yang bisa digunakan di apps jakone abank,untungnya pake aplikasi hp jakone abank,"Min, boleh kasih tau fitur yang ada di apk mobile abank nggak?",Ada apa aja fitur di hp jakone abank?,Agen bisa ngapain aja di apps jakone abank?,"Min, kalo saya jadi agen, di apps hp jakone abank ada layanan apa aja ya","Mba, setelah jadi agen, apa aja fitur yang ada di apps jakone abank?",Apa aja yang ada di aplikasi jakone abank yang bisa diakses lewat hp,Apps jakone abank di hp bisa dipakai buat apa aja sih?,Fitur-fitur yang bisa dipake di apps jakone abank itu apa aja ya,Enaknya pake aplikasi hp jakone abank tuh apa sih?,"kalau saya udah jadi agen, untungnya pake apps hp jakone abank apa","halo min, layanan yang disediakan  di aplikasi hp jakone abank apa","min kalau jadi mitra di jakone abank, aplikasi di hp nya bisa buat apa aja",apa saja fitur di dalem aplikasi hp jakone abank,"di apk jakone abank, selain buat transaksi bisa apa aja?","selain buat transaksi, fitur yang ada di jakone abank apa ya",fasilitas yang ada di apk hp jakone abank,fasilitas layanan yang bisa dipake di apps jakone abank,bisa infokan manfaat yang didapat kalau pake apps jakone abank,manfaat kalau menggunakan apk hp jakone abank?,"di apk hp jakone abank, layanan yang bisa digunakan apa saja","saya berniat jadi agen, kalau pake apps hpnya apa aja fitur yang bisa digunakan","saya ingin jadi mitra bank dki, apps hp jakone abank bisa dipakai apa aja",bisa dipakai untuk apa aja ya jakone abank app?,fitur yang disediakan di mobile apps jakone abank,apa saja fitur yang ada di mobile apps jakone abank,program mobile jakone abank apa saja keuntungannya,keuntungan apk mobile jakone abank,"Pengen jadi agen nih, kalo pake apps di hp, fiturnya apa aja yang bisa dipake ya?","Mau jadi mitra Bank DKI nih, apps di hp JakOne Abank bisa dipake buat apa aja sih?",Buat apa aja sih bisa pake JakOne Abank app?,Ada fitur apa aja di mobile apps JakOne Abank?,Fiturnya apa aja yang ada di mobile apps JakOne Abank ya?,Apa aja untungnya pake program mobile JakOne Abank?,Keuntungan pake APK mobile JakOne Abank apa aja ya?,apa saja fasilitas di apk mobile jakone abank,fasilitas apk mobile jakone abank,fitur di apps jakone abank,,,,,,,,,,,,,,,,,,,,,,,,,,,,,,,,,,,,,,,,,,,,,,,,,,,,,,,,,,,,,,,,,,,,,,,,,,,,,,,,,,,,,,,,,,,,,,,,,,,,,,,,,,,,,,,,,,,,,,,,,,,,,,,,,,,,,,,,,,,,,,,,,,,,,,,,,,,,,,,,,,,,,,,,,,,,,,,,,,,,,,,,,,,,,,,,,,,,,,,,,,,,,,,,,,,,,,,,,,,,,,,,,,,,,,,,,,,,,,,,,,,,,,,,,,,,,,,,,,,,,,,,,,,,,,,,,,,,,,,,,,,,,,,,,,,,,,,,,,,,,,,,,,,,,,,,,,,,,,,,,,,,,,,,,,,,,,,,,,,,,,,,,,,,,,,,,,,,,,,,,,,,,,,,,,,,,,,,,,,,,,,,,,,,,,,,,,,,,,,,,,,,,,,,,,,,,,,,,,,,,,,,,,,,,,,,,,,,,,,,,,,,,,,,,,,,,,,,,,,,,,,,,,,,,,,,,,,,,,,,,,,,,,,,,,,
11,Gerai Emas iB (Rahn),"Berikut kami informasikan Ketentuan Rahn:
1. Peruntukan:Perorangan
2. Obyek gadai:Emas berupa perhiasan, koin dan batangan
3. Pengikatan:
• Prinsip gadai menggunakan skim Qardh dalam rangka Rahn.
• Pengikatan obyek gadai mengunakan skim gadai.
• Biaya pemelihraan obyek gadai menggunakan skim ijarah.

4. Jangka waktu:120 hari dan dapat diperpanjang maksimal 2 kali
5. Nilai pembiayaan:Maksimal sebesar Rp 250 juta
6. Maksimal pembiayaan terhadap rata rata harga emas pasar:80%
7. Biaya-biaya:
• Biaya pemeliharaan dihitung per 10 hari dan dibayar dimuka",usr.dki_rahn,Kasih tau bagaimana perhitungan maksimal pembiayaan dibuat berdasarkan rata-rata harga emas pasar di Gerai Emas iB?,"Apa langkah-langkah yang diambil dalam menentukan nilai emas, koin, dan batangan ketika mengikat obyek gadai di Gerai Emas iB?",Prosedur apa yang diikuti dalam menerapkan prinsip gadai menggunakan skim Qardh di Gerai Emas iB?,Apa persiapan yang perlu dilakukan oleh perorangan sebelum memanfaatkan layanan pembiayaan di Gerai Emas iB (Rahn)?,"Prosedur apa yang diikuti dalam menilai nilai emas, koin, dan batangan saat objek gadai diikat di Gerai Emas iB?",Apa biaya-biaya yang perlu dipertimbangkan oleh perorangan ketika memanfaatkan layanan Rahn di Gerai Emas iB?,Bagaimana sistem perpanjangan jangka waktu pembiayaan di Gerai Emas iB dan apa saja ketentuannya?,Bagaimana cara nasabah Gerai Emas iB dapat mengakses informasi terbaru seputar harga emas pasar?,Apa yang perlu diperhatikan oleh perorangan agar mereka sepenuhnya memahami dan menyetujui ketentuan Rahn di Gerai Emas iB?,"Bagaimana spesifikasi atau kriteria tertentu objek gadai, seperti jenis atau kualitas emas, diatur di Gerai Emas iB?",Bagaimana perorangan dapat memahami dan mengelola biaya yang terkait dengan layanan Gerai Emas iB (Rahn)?,"Bagaimana proses penilaian terhadap nilai emas, koin, dan batangan saat pengikatan obyek gadai di Gerai Emas iB?",Apa prosedur yang harus diikuti untuk memperpanjang jangka waktu pembiayaan di Gerai Emas iB dan apa saja yang harus diperhatikan?,Prosedur apa yang digunakan untuk menghitung maksimal pembiayaan berdasarkan rata-rata harga emas pasar di Gerai Emas iB?,Bagaimana rumus perhitungan maksimal pembiayaan terhadap rata-rata harga emas pasar yang berlaku di Gerai Emas iB?,Apakah terdapat layanan notifikasi atau pembaruan secara berkala mengenai perubahan harga emas pasar bagi nasabah Gerai Emas iB?,"Proses apa yang dilakukan untuk menilai nilai emas, koin, dan batangan saat mengikat obyek gadai di Gerai Emas iB?",Bagaimana Gerai Emas iB menyediakan informasi terkini mengenai harga emas pasar kepada nasabah?,"Bagaimana cara perorangan dapat memperpanjang jangka waktu pembiayaan mereka di Gerai Emas iB, dan apa syaratnya?","Bagaimana penilaian nilai emas, koin, dan batangan dilakukan ketika mengikat obyek gadai di Gerai Emas iB?",Bagaimana nilai maksimal pembiayaan di Gerai Emas iB dihitung berdasarkan rata-rata harga emas pasar?,Bagaimana cara perorangan mempersiapkan diri sebelum mengambil keputusan untuk mengajukan pembiayaan di Gerai Emas iB?,Apa saja persyaratan dan langkah-langkah yang harus diambil untuk memperpanjang jangka waktu pembiayaan di Gerai Emas iB?,Apa saja pengeluaran yang perlu diperhitungkan oleh perorangan saat menggunakan layanan Rahn di Gerai Emas iB?,Apakah terdapat pembatasan pada durasi maksimal pembiayaan yang bisa diajukan di Gerai Emas iB?,Apa yang perlu diperhatikan oleh perorangan sebelum mereka benar-benar mengajukan pembiayaan di Gerai Emas iB?,Bagaimana perhitungan maksimal pembiayaan terhadap rata rata harga emas pasar yang berlaku di Gerai Emas iB?,Bagaimana langkah-langkah persiapan yang sebaiknya diambil oleh perorangan sebelum mendaftar pembiayaan di Gerai Emas iB?,Berapa lama jangka waktu maksimal pembiayaan yang dapat diminta di Gerai Emas iB?,Apakah ada ketentuan spesifik terkait jenis atau kualitas emas yang dapat dijadikan objek gadai di Gerai Emas iB?,Apakah Gerai Emas iB memberikan informasi terkini mengenai harga emas pasar kepada nasabahnya?,Bagaimana perorangan dapat meyakinkan diri bahwa mereka telah memahami dan setuju dengan setiap ketentuan Rahn sebelum mengajukan pembiayaan di Gerai Emas iB?,Apa langkah-langkah yang dapat diambil oleh perorangan untuk memahami dan menyetujui ketentuan Rahn di Gerai Emas iB sebelum mendaftar pembiayaan?,Bagaimana skim Qardh diimplementasikan dalam prinsip gadai pada layanan Rahn di Gerai Emas iB?,Bagaimana cara perorangan dapat membaca dan memahami ketentuan Rahn secara menyeluruh sebelum memutuskan untuk menggunakan layanan Gerai Emas iB?,Bagaimana cara perorangan dapat mempersiapkan diri terkait biaya yang mungkin timbul saat menggunakan layanan Gerai Emas iB (Rahn)?,Apakah terdapat batasan jangka waktu maksimal pembiayaan yang dapat diperoleh di Gerai Emas iB?,Info bagaimana prinsip gadai dengan skim Qardh diterapkan dalam Rahn di Gerai Emas iB?,Proses apa yang harus dilalui perorangan untuk memperpanjang jangka waktu pembiayaan di Gerai Emas iB dan apa ketentuannya?,Adakah batasan waktu tertentu untuk mendapatkan pembiayaan maksimal di Gerai Emas iB?,Bagaimana mekanisme prinsip gadai dengan menggunakan skim Qardh dalam rangka Rahn di Gerai Emas iB?,Bagaimana perorangan dapat memastikan bahwa mereka memahami dan setuju dengan ketentuan Rahn di Gerai Emas iB sebelum mengajukan pembiayaan?,Apa saja biaya-biaya yang perlu diperhatikan oleh perorangan ketika menggunakan layanan Gerai Emas iB (Rahn)?,Berapa lama perorangan dapat memperoleh pembiayaan di Gerai Emas iB dan apa batas maksimalnya?,Bagaimana penerapan prinsip gadai dengan menggunakan skim Qardh dalam layanan Rahn di Gerai Emas iB?,Apakah terdapat fasilitas atau pemberitahuan otomatis yang memberikan informasi harga emas pasar kepada nasabah di Gerai Emas iB?,"Sebelum mengajukan pembiayaan di Gerai Emas iB (Rahn), apa saja yang harus disiapkan oleh perorangan?","Apakah terdapat persyaratan khusus untuk objek gadai, seperti jenis atau kualitas emas tertentu, di Gerai Emas iB?",Bagaimana Gerai Emas iB memastikan bahwa objek gadai memenuhi persyaratan tertentu terkait jenis atau kualitas emas?,"Apakah terdapat syarat-syarat khusus terkait objek gadai, seperti jenis atau kualitas emas, yang harus dipenuhi di Gerai Emas iB?",,,,,,,,,,,,,,,,,,,,,,,,,,,,,,,,,,,,,,,,,,,,,,,,,,,,,,,,,,,,,,,,,,,,,,,,,,,,,,,,,,,,,,,,,,,,,,,,,,,,,,,,,,,,,,,,,,,,,,,,,,,,,,,,,,,,,,,,,,,,,,,,,,,,,,,,,,,,,,,,,,,,,,,,,,,,,,,,,,,,,,,,,,,,,,,,,,,,,,,,,,,,,,,,,,,,,,,,,,,,,,,,,,,,,,,,,,,,,,,,,,,,,,,,,,,,,,,,,,,,,,,,,,,,,,,,,,,,,,,,,,,,,,,,,,,,,,,,,,,,,,,,,,,,,,,,,,,,,,,,,,,,,,,,,,,,,,,,,,,,,,,,,,,,,,,,,,,,,,,,,,,,,,,,,,,,,,,,,,,,,,,,,,,,,,,,,,,,,,,,,,,,,,,,,,,,,,,,,,,,,,,,,,,,,,,,,,,,,,,,,,,,,,,,,,,,,,,,,,,,,,,,,,,,,,,,,,,,,,,,,,,,,,,,,,,,,,,,,,
12,Safe Deposit Box (SDB),"Berikut kami informasikan Pengertian SDB:
Safe Deposit Box (SDB) adalah layanan berupa jasa penyewaan kotak penyimpanan harta atau surat surat berharga yang dirancang secara khusus dari bahan baja dan ditempatkan dalam ruang khasanah yang kokoh dan tahan api untuk menjaga keamanan barang yang disimpan.

[image]

[button] S&K SBD
[button] Lokasi SBD",usr.dki_sdb,Ada info soal Safe Deposit Box (SDB)?,SDB untuk nyimpen barang berharga aman gak?,SDB buat apaan sih?,"Andai kata mau nyimpen harta atau surat-surat berharga pakai Safe Deposit Box, bisa kemana ya?",Kalau make deposit box apa dapet jaminan?,bisa langsung pakai deposit box nggak sih?,Info kalau mau ngajuin SDB itu dimana ya?,Kita nanti misal mau pakai deposit box dapet jaminan apa?,emangnya SDB bisa untuk apa?,Syarat dan ketentuan kalau mau pakai deposit box dong,Safe Deposit Box ini bisa diajuin dimana kalau mau pakai?,Menyimpan harta pakai deposit box apakah guaranteed aman?,Prosedur untuk mesen deposit box gimana?,Apa bisa menyimpan harta atau surat-surat berharga?,SDB ada jaminan?,Di sebelah mana ya mesennya misal aku mau nyimpen surat penting pakai SDB,Bisa bantu untuk ngajuin deposit box dimana?,Fungsi yang ditawarkan oleh SDB apa emang?,Apa perlu berkas-berkas kalau mau pakai deposit box?,Misal mau ngajuin deposit box bisa dimana?,"Eh, ada penjelasan soal Safe Deposit Box (SDB)?",Yang namanya Safe Deposit Box (SDB) tu apaan ya?,Kasih petunjuk dalam pemesanan SDB,Mau pakai deposit box tapi takut misal nggak dijamin,Info mengenai penyewaan SDB,Dijamin aman nggak kalau makai SDB?,"Penasaran sama Safe Deposit Box, kegunaanya apa aja?",Apa ada syarat-syarat untuk mengajukan SDB?,"Pengen nanya, yang namanya Safe Deposit Box tuh buat apa ya?",Bisa sewa semacam tempat penyimpanan atau brankas atau tidak ya,Ngajuin deposit box perlu apa aja ketentuannya?,"Dapet jaminan nggak kalau pakai deposit box, biar ngrasa bener-bener aman",Ini SDB dijamin nggak misal mau nyimpen surat-surat?,Info lokasi SDB,Lokasi deposit box nya dimana kah?,Ada ketentuan khusus untuk menyewa SDB?,Kasih info dong dimana dan gimana cara untuk ngajuin pemakaian deposit box,"Semisal mau sewa Safe Deposit Box syaratnya apa, dan lokasi nya nanti dimana?",Aku mau dong ngajuin untuk make deposit box,Caranya gimana untuk ngajuin deposit box?,Dimana kalau mau order deposit box?,Deposit box ini aman kan misal tiba-tiba kebakaran?,Misal kebakaran apa barang yang disimpan akan aman? ada jaminan?,Apakah dijamin misal nyimpen harta di Safe Deposit Box?,"Mau dong mesen deposit box untuk nyimpen barang, bisa dimana?",Yang perlu disiapin misal mau pakai SDB,Tau ga yang namanya Safe Deposit Box (SDB) itu sebenernya apa ya?,Safe Deposit Box bisa buat apa ya?,Kepingin pakai deposit box,Ini kalau mau pakai SDB harus ngajuin dulu ya?,,,,,,,,,,,,,,,,,,,,,,,,,,,,,,,,,,,,,,,,,,,,,,,,,,,,,,,,,,,,,,,,,,,,,,,,,,,,,,,,,,,,,,,,,,,,,,,,,,,,,,,,,,,,,,,,,,,,,,,,,,,,,,,,,,,,,,,,,,,,,,,,,,,,,,,,,,,,,,,,,,,,,,,,,,,,,,,,,,,,,,,,,,,,,,,,,,,,,,,,,,,,,,,,,,,,,,,,,,,,,,,,,,,,,,,,,,,,,,,,,,,,,,,,,,,,,,,,,,,,,,,,,,,,,,,,,,,,,,,,,,,,,,,,,,,,,,,,,,,,,,,,,,,,,,,,,,,,,,,,,,,,,,,,,,,,,,,,,,,,,,,,,,,,,,,,,,,,,,,,,,,,,,,,,,,,,,,,,,,,,,,,,,,,,,,,,,,,,,,,,,,,,,,,,,,,,,,,,,,,,,,,,,,,,,,,,,,,,,,,,,,,,,,,,,,,,,,,,,,,,,,,,,,,,,,,,,,,,,,,,,,,,,,,,,,,,,,,,,
13,Kartu ATM,"Informasi apa yang ingin Anda lihat terkait Kartu ATM?
[carousel button] Kartu Hilang
[carousel button] Kartu Rusak
[carousel button] Kartu Tertelan
[carousel button] Kartu Reset PIN
[carousel button] Kartu Buka Blokir
[carousel button] Pemblokiran Kartu ATM

Atau tekan Menu untuk kembali ke Menu Utama
[button] Menu",usr.dki_kartu_atm,Kartu ATM dong,Informasi soal kartu ATM,Bantu soal kartu ATM dong,aku ada masalah dengan kartu ATM ku,Menu Kartu ATM,bisa bantu apa aja mengenai kartu ATM?,Tampilin menu kartu ATM dong,di menu kartu ATM ada apa aja,mau tanya soal kartu atm bisa disini nggak ya?,Kembali ke menu kartu ATM,Ada info apa aja soal kartu ATM?,mau nanya dong soal kartu ATM,Kartu ATM apa bisa dibantu lewat sini?,tolong kasih informasi lebih lanjut mengenai Kartu ATM,ada bantuan untuk problem kartu ATM?,Kartu ATM yang bermasalah bisa dibantu lewat chat ini?,Penting nih butuh info mengenai kartu ATM,bisa tampilkan lagi untuk menu kartu ATM?,Menu Kartu ATM tadi dimana ya?,"kayanya tadi ada menu banyak soal kartu ATM, dimana ya?",Informasi soal kartu kredit atau debit,di menu kartu kredit atau debit ada apa aja,Menu kartu kredit atau debit tadi dimana ya?,bisa tampilkan lagi untuk menu kartu kredit atau debit?,Menu kartu kredit atau debit,"kayanya tadi ada menu banyak soal kartu kredit atau debit, dimana ya?",Ada info apa aja soal kartu kredit atau debit?,bisa bantu apa aja mengenai kartu kredit atau debit?,Penting nih butuh info mengenai kartu kredit atau debit,kartu kredit atau debit apa bisa dibantu lewat sini?,kartu kredit atau debit yang bermasalah bisa dibantu lewat chat ini?,mau nanya dong soal kartu kredit atau debit,aku ada masalah dengan kartu kredit atau debit ku,ada bantuan untuk problem kartu kredit atau debit?,Kembali ke menu kartu kredit atau debit,kartu kredit atau debit dong,Bantu soal kartu kredit atau debit dong,Tampilin menu kartu kredit atau debit dong,tolong kasih informasi lebih lanjut mengenai kartu kredit atau debit,mau tanya soal kartu kredit atau debit bisa disini nggak ya?,cc apa bisa dibantu lewat sini?,di menu credit card ada apa aja,"kayanya tadi ada menu banyak soal cc, dimana ya?",Ada info apa aja soal cc?,Menu credit card tadi dimana ya?,Informasi soal credit card,Penting nih butuh info mengenai cc,bisa bantu apa aja mengenai cc?,bisa tampilkan lagi untuk menu credit card?,Menu credit card,,,,,,,,,,,,,,,,,,,,,,,,,,,,,,,,,,,,,,,,,,,,,,,,,,,,,,,,,,,,,,,,,,,,,,,,,,,,,,,,,,,,,,,,,,,,,,,,,,,,,,,,,,,,,,,,,,,,,,,,,,,,,,,,,,,,,,,,,,,,,,,,,,,,,,,,,,,,,,,,,,,,,,,,,,,,,,,,,,,,,,,,,,,,,,,,,,,,,,,,,,,,,,,,,,,,,,,,,,,,,,,,,,,,,,,,,,,,,,,,,,,,,,,,,,,,,,,,,,,,,,,,,,,,,,,,,,,,,,,,,,,,,,,,,,,,,,,,,,,,,,,,,,,,,,,,,,,,,,,,,,,,,,,,,,,,,,,,,,,,,,,,,,,,,,,,,,,,,,,,,,,,,,,,,,,,,,,,,,,,,,,,,,,,,,,,,,,,,,,,,,,,,,,,,,,,,,,,,,,,,,,,,,,,,,,,,,,,,,,,,,,,,,,,,,,,,,,,,,,,,,,,,,,,,,,,,,,,,,,,,,,,,,,,,,,,,,,,,,
14,Kartu ATM > Kartu Hilang,"Berikut kami informasikan Kartu ATM Hilang: Dapat menghubungi Layanan Call Center Bank DKI (1500-351) yang tersedia 24 Jam untuk dibantu pemblokiran Kartu ATM Bank DKI untuk menjaga dana di rekening tetap aman atau apabila sudah mendaftar akun pada aplikasi JakOne Mobile, untuk pemblokiran Kartu ATM dapat dilakukan melalui aplikasi JakOne Mobile. Maka berkenan dapat mengikuti langkah-langkah sebagai berikut:

1. Pilih Menu 'Saldo Tabungan' yang terdapat pada Menu Utama
2. Pilih Rekening
3. Pada Informasi Detail Rekening, Pilih 'Blokir'
4. Selanjutnya Pilih 'Blokir'
5. Kemudian Pilih Alasan Blokir Kartu
6. Konfirmasi Blokir ATM Berhasil
7. Status Blokir Kartu ATM Berhasil",usr.dki_kartu_atm_hilang,apa perlu ngurus ke bank DKI buat ngeblok atm yang ilang biar aman?,ada info mengenai kehilangan kartu ATM nggak sih?,infoin nomor cs atau call center yang dapat dihubungi semisal kartu atm hilang,aku mau ngeblock kartu kredit atau debit ku nih yang kemarin ilang,bisa ngeblock atm ilang dari sini nggak ya?,semisal kehilangan kartu ATM gimana ya?,kalau kartu ATM hilang harus ngehubungi siapa ya?,ada nomor cs yang bisa dihubungi nggak ya? soalnya atm ku ilang,"aku kemarin kehilangan kartu ATM, biar aman gimana ya?",gimana nyelametin uang yang ada di kartu atm hilang,info biar kartu ATM yang hilang uang nya tetep aman dong,"aku barusan kehilangan kartu ATM, apa yang harus dilakukan?",pakai aplikasi hp bisa nggak ya untuk bantu blokir credit card yang hilang?,bisakah ngeblock atm yang hilang pakai aplikasi jakone?,bisa bantuin blokir atm yang hilang dari sini nggak?,"aku mau nyelametin uang yang di credit card hilang, bisa bantu kasih tau caranya?",kasih tau cara untuk ngeblokir atm ilang ,kartu ATM hilang,ini kalo kehilangan ATM biar isinya aman gimana ya?,dengan aplikasi jakone bisa ngurus apa aja misal credit card nya hilang,cara blokir kartu ATM yang hilang gimana ya?,kasih step-step untuk block atm yang ilang pakai aplikasi dong,bisa tolong bantu soal kartu ATM yang hilang nggak?,"kartu ATM ku dicari nggak ada, misal hilang aku harus gimana?",ngurus atm hilang tanpa ribet gimana ya?,"kartu kredit ku ilang nih, aku ada aplikasi jakone, bisa dipakai untuk ngeblok atm nya biar aman?","aku udah install jakone mobile nih, cara buat blok atm ilang langkah nya apa aja?",ada call center yang bisa dihubungi perihal kartu atm yang hilang?,blokir kartu atm,bantuin block kartu ATM yang hilang dong,apa jakone mobile bisa bantu nanganin kartu atm yang ilang?,please tolong dong kartu kredit atau debit ku ilang nih,apa ada aplikasi yang bisa dipakai untuk bantu ngurus kartu atm yang ilang?,bisa konsul ke siapa kalau kehilangan kartu ATM?,apa bisa blokir atm yang hilang lewat aplikasi hp biar gampang?,ada call center yang bisa dihubungi perihal kartu kredit atau debit yang hilang?,please tolong dong ATM ku ilang nih,aku kehilangan kartu ATM nih bantu aku dong,kasih tau dong cara untuk blokir kartu ATM yang hilang,blokir kartu kredit atau debit ilang,bisa ngeblock kartu kredit atau debit ilang dari sini nggak ya?,apa harus ke bank DKI kalau kartu atm ku ilang?,credit card ku ilang nih bisa diblok lewat app hp?,cara pakai aplikasi hp untuk blokir kartu atm yang ilang gmna ya?,ngeblock atm ilang pakai hp bisa nggak ya?,"kartu ATM ku hilang nih, aku kudu gimana?",biar aman pas kehilangan kartu ATM harus gimana?,solusi untuk kartu ATM yang ilang,aku mau ngeblock ATM ku nih yang kemarin ilang,"biar uang nya aman, ada saran nggak misal atm nya ilang",,,,,,,,,,,,,,,,,,,,,,,,,,,,,,,,,,,,,,,,,,,,,,,,,,,,,,,,,,,,,,,,,,,,,,,,,,,,,,,,,,,,,,,,,,,,,,,,,,,,,,,,,,,,,,,,,,,,,,,,,,,,,,,,,,,,,,,,,,,,,,,,,,,,,,,,,,,,,,,,,,,,,,,,,,,,,,,,,,,,,,,,,,,,,,,,,,,,,,,,,,,,,,,,,,,,,,,,,,,,,,,,,,,,,,,,,,,,,,,,,,,,,,,,,,,,,,,,,,,,,,,,,,,,,,,,,,,,,,,,,,,,,,,,,,,,,,,,,,,,,,,,,,,,,,,,,,,,,,,,,,,,,,,,,,,,,,,,,,,,,,,,,,,,,,,,,,,,,,,,,,,,,,,,,,,,,,,,,,,,,,,,,,,,,,,,,,,,,,,,,,,,,,,,,,,,,,,,,,,,,,,,,,,,,,,,,,,,,,,,,,,,,,,,,,,,,,,,,,,,,,,,,,,,,,,,,,,,,,,,,,,,,,,,,,,,,,,,,,
15,Kartu ATM > Kartu Rusak,"Berikut kami informasikan Kartu ATM Rusak: 
Dapat melakukan pengurusan secara langsung untuk pengecekan dan pembuatan kartu ATM baru di Kantor Cabang Bank DKI yang terdekat dengan membawa dokumen berupa:

1. KTP Asli Pemilik Rekening
2. Buku Tabungan (jika difasilitasi)
3. Biaya Administrasi Pembuatan Kartu ATM Bank DKI baru sebesar Rp. 30.000,- (Konvensional) & (Syariah)
4. Surat Keterangan Kehilangan dari Kepolisian (jika rekening program KJP)

(Bubble)
Apabila status kepemilikan rekening masih dibawah nama wali (rekening dengan QQ), maka disarankan agar wali yang tertera di rekening untuk datang ke Kantor Cabang, mohon membawa dokumen tambahan yaitu Kartu Keluarga dan Akta Kelahiran dari anak.

Kantor Cabang Bank DKI buka pada hari Senin - Jumat (tidak termasuk hari libur nasional), dari jam 08.00 s.d 15.00 WIB",usr.dki_kartu_atm_rusak,kartu atm ku patah cuy,bisa bantu kasih info untuk ngurus atm rusak?,bikin permintaan ganti kartu atm rusak bisa lewat app atau harus ke bank?,"bantuin aku dong, ini kartu atm ku putul",kalau mau bikin kartu atm baru karna rusak gimana ya?,ngurus atm rusak harus ke bank DKI?,kalau mau ganti kartu atm yang rusak apa ada syarat-syarat nya?,"fisik dari kartu atm ku udah rusak nih, mau ganti","misal kartu atm yang rusak bisa diganti, gimana caranya?","kayanya aku mau bikin kartu atm lagi, rusak ternyata kartu atm ku","bantuin dong, kartu atm ku rusak ",ada informasi mengenai kartu atm yang rusak tidak ya?,"kartu atm ku sepertinya rusak, gabisa dipake ini","kartu atm ku rusak patah, kayanya udah gak bisa dipakai lagi",kudu banget ke bank nih kalau mau ganti kartu atm yang rusak?,kasih tau cara bikin baru dong kartu atm ku rusak nih,kartu atm rusak karna chip nya ngelupas,mungkinkah untuk minta ganti kartu atm rusak lewat jakone mobile?,langkah-langkah untuk ganti kartu kredit yang rusak,apa aja yang perlu disiapkan kalau mau ngurus kartu atm yang rusak?,ada info bikin kartu atm baru nggak yang karna rusak?,kartu atm ku rusak gimana ya?,chip di kartu atm rusak,kartu atm rusak misal mau ganti apa harus bayar?,pakai aplikasi hp bisa request minta ganti kartu atm yang rusak?,bisakah request untuk ganti kartu atm yang rusak lewat aplikasi hp?,bantu kasih tau step-step ganti kartu atm yang rusak,ada biaya admin nggak ya kalau ngurus kartu atm rusak?,gimana ya prosedur untuk ganti kartu atm yang rusak?,mungkin kartu atm ku rusak karna chip nya udah lepas,biaya administrasi untuk ganti kartu atm rusak,"sepertinya aku mau ganti kartu atm, karna punyaku udah rusak",ada solusi kalau kartu atm rusak nggak?,apa perlu bawa buku tabungan kalau ngurus credit card rusak?,kalau fisik dari kartu atm udah rusak-rusak apa bisa diganti lagi?,pingin ngeganti kartu atm rusak tapi harus ke bank ya?,bisa minta ganti atm rusak lewat jakone app kah?,apa bisa ganti kartu kredit yang rusak lewat sini?,"kartu atm nya patah, gimana cara bikinnya lagi?","kasih petunjuk cara untuk bikin kartu atm baru, rusak nih",bisa bikin baru nggak ya kalau kartu atm rusak?,ini gimana ya misal kartu atm nya rusak?,kalau kartu atm nya patah apa bisa diganti yang baru?,apa harus ke bank DKI kalau mau ganti kartu atm yang rusak?,kartu atm yang rusak bisa diganti nggak ya,jakone mobile bisa bantu bikin permintaan untuk ganti kartu atm yang rusak nggak ya?,kartu atm rusak,gimana cara memperbaiki kartu atm yang rusak?,tolong dong kartu atm ku rusak nih,infoin cara untuk ganti kartu kredit yang rusak,,,,,,,,,,,,,,,,,,,,,,,,,,,,,,,,,,,,,,,,,,,,,,,,,,,,,,,,,,,,,,,,,,,,,,,,,,,,,,,,,,,,,,,,,,,,,,,,,,,,,,,,,,,,,,,,,,,,,,,,,,,,,,,,,,,,,,,,,,,,,,,,,,,,,,,,,,,,,,,,,,,,,,,,,,,,,,,,,,,,,,,,,,,,,,,,,,,,,,,,,,,,,,,,,,,,,,,,,,,,,,,,,,,,,,,,,,,,,,,,,,,,,,,,,,,,,,,,,,,,,,,,,,,,,,,,,,,,,,,,,,,,,,,,,,,,,,,,,,,,,,,,,,,,,,,,,,,,,,,,,,,,,,,,,,,,,,,,,,,,,,,,,,,,,,,,,,,,,,,,,,,,,,,,,,,,,,,,,,,,,,,,,,,,,,,,,,,,,,,,,,,,,,,,,,,,,,,,,,,,,,,,,,,,,,,,,,,,,,,,,,,,,,,,,,,,,,,,,,,,,,,,,,,,,,,,,,,,,,,,,,,,,,,,,,,,,,,,,,
16,Kartu ATM > Kartu Tertelan,"Berikut kami informasikan Kartu ATM Tertelan: 
Dapat menghubungi Layanan Call Center Bank DKI (1500-351) yang tersedia 24 Jam untuk dibantu pemblokiran Kartu ATM Bank DKI untuk menjaga dana di rekening tetap aman atau apabila sudah mendaftar akun pada aplikasi JakOne Mobile, untuk pemblokiran Kartu ATM dapat dilakukan melalui aplikasi JakOne Mobile. Maka berkenan dapat mengikuti langkah-langkah sebagai berikut:

1. Pilih Menu 'Saldo Tabungan' yang terdapat pada Menu Utama
2. Pilih Rekening
3. Pada Informasi Detail Rekening, Pilih 'Blokir'
4. Selanjutnya Pilih 'Blokir'
5. Kemudian Pilih Alasan Blokir Kartu
6. Konfirmasi Blokir ATM Berhasil
7. Status Blokir Kartu ATM Berhasil",usr.dki_kartu_atm_tertelan,kartu atm tertelan,kartu tertelan,"atmku tertelan, gimana yah",atm saya tertelan,bagaimana ini kartu saya tertelan,apa yang harus saya lakukan kalau atm saya tertelan,atm tertelan,kalau atm saya tertelan bagaimana yah apa ada info?,"sepetinya atm saya tertelan, minta bantuannya",saya harus apa kalau atm saya tertelan,Bagaimana caranya jika saya ingin melaporkan bahwa kartu ATM saya tertelan?,Apakah ada nomor telepon yang bisa saya hubungi jika kartu ATM saya terjepit di mesin?,Apa yang harus saya lakukan jika kartu saya masuk ke dalam mesin,ini gimana yah kartu saya nggak keluar-keluar dari mesin atm,udah nunggu lumayan lama tapi kartu saya tidak keluar dari mesin atm,bagaimana jika kartu saya tidak kunjung keluar setelah melakukan transaksi?,saya ingin melaporkan kalau kartu saya tertelan,apa ada info harus melapor kemana kalau kartu tertelan,"Aku habis transaksi, tapi setelah selesai kartunya tidak keluar",kartu atm tidak keluar lagi setelah melakukan transaksi,"kartu atm saya tertelan, saya harus apa?","kartu atm saya tidak keluar setelah transaksi,apa ada info?",saya tidak mendapatkan kartu atm saya lagi setelah melakukan transaksi,"kartu saya tertelan, saya harus melapor kemana?","dimana saya harus melopor, kartu syabtertelan","Kartu ATM saya masuk ke dalam mesin, gimana nih","ATMku tertelan, ada yang bisa bantu?","Kartu ATM saya tertelan, ada solusinya gak ya?",Gimana ya kalau ATM saya tertelan?,"Kartu saya masuk ke dalam mesin ATM, harus ngapain ya?","disini ada info nggak, kalau kartu ATM tertelan harus gimana","ATM saya ngadat, kartunya tertelan, minta bantuannya kemana?","Saya bingung, ATM saya kok kartunya tidak keluar, bagaimana ini?","Kartu ATM saya tertelan, ada yang bisa kasih info",Gimana caranya kalau kartu ATM saya kejepit di mesin?,"saya masukin kartu di ATM untuk narik uang, tapi setelah uangnya keluar kartunya nggak keluar-keluar","Kartu ATM saya nggak mau keluar dari mesin, saya harus lapor kemana?",Saya harus melapor dumana kalau kartu ATM saya masih tertahan,"Setelah transaksi, kartu ATM saya tetap nggak keluar, kenapa ya?",saya ingin melaporkan kalau kartu ATM saya tertelan,bagaimana cara melaoprkan atm yang tertelan,"Abis transaksi, kartu ATM nggak keluar juga nih","Kartu ATM saya tertelan setelah transaksi, ada info nggak?",saya habis tarik tunai tapi kartu ATM nggak keluar gimana dong?,kartu atmnya masih tertelan,"Kartu ATM saya nggak keluar, mau lapor kemana ya?","Aku bingung, kartu atm tertelan, harus lapor kemana?",Dimana sih harus melapor kalau kartu ATM saya tertelan?,"Kartu ATM saya nggak mau keluar, mesti melapor ke mana?",Gimana cara melapor kalau kartu ATM saya terjepit di mesin?,,,,,,,,,,,,,,,,,,,,,,,,,,,,,,,,,,,,,,,,,,,,,,,,,,,,,,,,,,,,,,,,,,,,,,,,,,,,,,,,,,,,,,,,,,,,,,,,,,,,,,,,,,,,,,,,,,,,,,,,,,,,,,,,,,,,,,,,,,,,,,,,,,,,,,,,,,,,,,,,,,,,,,,,,,,,,,,,,,,,,,,,,,,,,,,,,,,,,,,,,,,,,,,,,,,,,,,,,,,,,,,,,,,,,,,,,,,,,,,,,,,,,,,,,,,,,,,,,,,,,,,,,,,,,,,,,,,,,,,,,,,,,,,,,,,,,,,,,,,,,,,,,,,,,,,,,,,,,,,,,,,,,,,,,,,,,,,,,,,,,,,,,,,,,,,,,,,,,,,,,,,,,,,,,,,,,,,,,,,,,,,,,,,,,,,,,,,,,,,,,,,,,,,,,,,,,,,,,,,,,,,,,,,,,,,,,,,,,,,,,,,,,,,,,,,,,,,,,,,,,,,,,,,,,,,,,,,,,,,,,,,,,,,,,,,,,,,,,,
17,Kartu ATM > Kartu Reset PIN,"Berikut kami informasikan Untuk Reset PIN: 
Kami informasikan saat ini untuk melakukan reset PIN kartu ATM belum dapat dilakukan melalui Layanan Whatsapp Bank DKI maupun Layanan Call Center (1500-351) Bank DKI. Apabila Bapak/Ibu Lupa PIN Kartu ATM Bank DKI maka berkenan kami sarankan untuk dapat datang ke Kantor Cabang Bank DKI yang terdekat untuk melakukan Reset PIN Kartu ATM dengan membawa kelengkapan dokumen berupa:

1. KTP Asli Pemilik Rekening
2. Buku Tabungan
3. Kartu ATM
4. Biaya administrasi Reset PIN Kartu ATM sebesar Rp. 15.000,-

Kantor Cabang Bank DKI buka pada hari Senin - Jumat (tidak termasuk hari libur nasional), dari jam 08.00 s.d 15.00 WIB.",usr.dki_kartu_atm_reset_pin,Kartu Reset PIN,reset pin atm,saya mau reset pin,reset pin atm bisa dilakukan disini nggak?,disini bisa reset pin atm?,kalau mau reset pin atm gimana?,apa ada info cara untuk reset pin atm?,reset pin melalui wa bisa nggak,"aku lupa pin kartuku, bisa di reset nggak?",untuk reset pin bisa melalui wa?,bisa reset pin nggak disini?,untuk reset pin gimana yah?,apa bisa reset pin kartu atm disini?,kalau mau reset pin harus langsung ke kantor?,bisa jelaskan cara mereset pin kartu atm?,untuk mereset pin apa bisa dibantu?,cara mereset pin atm,saya mau minta tolong untuk reset pin saya,bagaimana cara untuk reset pin atm?,apa reset pin atm bisa dilakukan disini?,informasi reset pin atm,kalau mau reset pin atm apa bisa?,bisa diinfokan cara untuk mereset pin atm?,reset pin atm harus ke kantor?,apa harus ke kantor kalau mau reset pin?,saya ingin mengganti pin atm,untuk mengganti pin atm apa bisa dilakukan disini?,saya mau mengubah pin atm,perubahan pin atm bisa melalui wa nggak?,"saya mau mengganti pin atm, apa bisa dibantu",saya butuh bantuan untuk mengganti pin atm,cara mengganti pin atm,apa bisa dijelaskan cara untuk mengganti pin atm?,untuk mengubah pin apa harus ke bank?,saya lupa pin atm yang saya gunakan,kalau lupa pin atm gitu gimana yah,saat mau transaksi saya lupa pin atm yang saya gunakan,kalau lupa pin atm apa pinnya bisa di reset?,bantu saya untuk mereset pin atm,"saya lupa password atm saya apa, apa bisa di reset?",kalau lupa password gitu apa bisa di reset?,"password bisa di reset kan, saya lupa passwordnya",reset password atm,saya mau minta bantuan untuk mengganti password atm saya,apa bisa dibantu untuk mengubah password atm,apa ada info untuk mengganti password atm?,ubah pin atm,info cara mengubah pin,"saya lupa pin kartu atm, apa bisa diubah?","apa bisa ubah pin atm, saya lupa pin apa yang saya gunakan, tadi sudah 2 kali salah",apa yang harus dilakukan jika lupa pin atm,"apa bisa dibantu, saya ingin mereset pin karena lupa",bagaimana jika lupa pin atm,saya butuh bantuan untuk reset pin atm karena lupa,"saya lupa pin atm, apa bisa di reset",karena lupa saya ingin mengubah pin atm,kalau lupa pin atm bisa di resetkan pin nya?,bagaimana jika saya lupa pin atm,untuk reset pin atm itu bisa dilakukan kalau lupa pin atm kan?,"apa bisa bantu saya, saya lupa pin atm, untuk reset pin atm gimana?",lupa pin atm,,,,,,,,,,,,,,,,,,,,,,,,,,,,,,,,,,,,,,,,,,,,,,,,,,,,,,,,,,,,,,,,,,,,,,,,,,,,,,,,,,,,,,,,,,,,,,,,,,,,,,,,,,,,,,,,,,,,,,,,,,,,,,,,,,,,,,,,,,,,,,,,,,,,,,,,,,,,,,,,,,,,,,,,,,,,,,,,,,,,,,,,,,,,,,,,,,,,,,,,,,,,,,,,,,,,,,,,,,,,,,,,,,,,,,,,,,,,,,,,,,,,,,,,,,,,,,,,,,,,,,,,,,,,,,,,,,,,,,,,,,,,,,,,,,,,,,,,,,,,,,,,,,,,,,,,,,,,,,,,,,,,,,,,,,,,,,,,,,,,,,,,,,,,,,,,,,,,,,,,,,,,,,,,,,,,,,,,,,,,,,,,,,,,,,,,,,,,,,,,,,,,,,,,,,,,,,,,,,,,,,,,,,,,,,,,,,,,,,,,,,,,,,,,,,,,,,,,,,,,,,,,,,,,,,,,,,,,,,,,,,,,,,,
18,Kartu ATM > Kartu Buka Blokir,"Berikut kami informasikan Untuk Buka Blokir: 
Kami informasikan saat ini untuk pembukaan pemblokiran belum dapat dilakukan melalui Layanan Whatsapp Bank DKI maupun Layanan Call Center (1500-351) Bank DKI. Apabila Kartu ATM Bank DKI milik Bapak/Ibu yang terblokir dikarenakan kesalahan memasukkan PIN Kartu ATM, maka berkenan kami sarankan untuk dapat datang ke Kantor Cabang Bank DKI yang terdekat untuk melakukan Reset PIN Kartu ATM dengan membawa kelengkapan dokumen berupa:

1. KTP Asli Pemilik Rekening
2. Buku Tabungan
3. Kartu ATM
4. Biaya administrasi Reset PIN Kartu ATM sebesar Rp. 15.000,-

Kantor Cabang Bank DKI buka pada hari Senin - Jumat (tidak termasuk hari libur nasional), dari jam 08.00 s.d 15.00 WIB.",usr.dki_kartu_atm_buka_blokir,Kartu Buka Blokir,saya mau membuka blokir atm,kalau mau buka blokir kartu bagaimana?,apa bisa dibantu untuk membuka blokir di kartu saya?,untuk membuka blokir apa bisa disini?,cara untuk membuka blokir kartu atm,bagaimana cara untuk membuka blokir di kartu atm,informasi buka blokir pada kartu atm,berikan saya info terkain buka blokir atm,apa bisa dijelaskan cara untuk membuka blokir kartu?,apa buka blokir pada kartu bisa melalui wa?,buka blokir atm,saya butuh bantuan untuk membuka blokir di kartu atm saya,sebelumnya kartu saya ter blokir apa boleh dibantu untuk membuka blokirannya?,saya ingin membuka blokir karena sebelumnya kartu saya terblokir,apa ada info cara untuk membuka blikir pada kartu atm?,kalau mau buka blokir apa harus ke bank?,perlu kah saya ke bank untuk membuka blokir?,"apa harus ke bank kalau mau buka blokir, kalau melalui wa nggak bisa?",bisa nggak buka blokir atm melalui wa,minta info untuk buka blokir,"kemarin atm saya terblokir, sekarang saya ingin membuka blokiran tersebut",bagaimana jika saya ingin membuka blokir kartu saya?,saya mau info untuk membuka blokir kartu atm,apa bisa diberikan info terkait cara membuka blokir kartu atm?,Gimana cara buka blokir kartu ATM ya?,Mau dong dibantu buka blokir kartu ATM,apa ada info untuk cara buka blokir kartu ATM?,Bisa tolong bantu buka blokir di kartu ATM saya?,Bagaimana caranya buka blokir kartu ATM?,"Saya mau buka blokir kartu ATM, bisa dijelaskan caranya?",Gimana cara buka blokir kartu ATM yang terblokir?,"Minta info dong untuk buka blokir kartu ATM, apa bisa melalui wa?",Apa bisa dijelaskan cara membuka blokir di kartu ATM?,"Ada yang bisa kasih info tentang buka blokir di kartu ATM, apa harus ke kantor cabang?","Kalau mau buka blokir kartu ATM, harus ke bank ya?","Butuh info buka blokir kartu ATM, bisa dibantu?","Kartu ATM saya terblokir, bagaimana cara buka blokirnya?",Apakah bisa membuka blokir kartu ATM melalui WhatsApp?,Gimana caranya membuka blokir kartu ATM yang terblokir sebelumnya?,Apa harus ke bank untuk membuka blokir kartu ATM?,Ada yang bisa kasih tau cara buka blokir di kartu ATM lewat WhatsApp?,apa bisa dibuka blokirnya melalui WhatsApp kalau kartu ATM terblokir?,Bagaimana cara buka blokir kartu ATM yang terblokir sebelumnya?,Bisa kasih info cara buka blokir kartu ATM yang terblokir?,"kartu ATM saya terblokir sebelumnya, gimana cara untuk buka blokirnya?","Saya mau buka blokir kartu ATM, apa bisa dibantu?",Bagaimana caranya membuka blokir di kartu ATM yang terblokir?,Ada info nggak untuk cara buka blokir kartu ATM yang terblokir?,cara buka blokir kartu ATM yang terblokir,,,,,,,,,,,,,,,,,,,,,,,,,,,,,,,,,,,,,,,,,,,,,,,,,,,,,,,,,,,,,,,,,,,,,,,,,,,,,,,,,,,,,,,,,,,,,,,,,,,,,,,,,,,,,,,,,,,,,,,,,,,,,,,,,,,,,,,,,,,,,,,,,,,,,,,,,,,,,,,,,,,,,,,,,,,,,,,,,,,,,,,,,,,,,,,,,,,,,,,,,,,,,,,,,,,,,,,,,,,,,,,,,,,,,,,,,,,,,,,,,,,,,,,,,,,,,,,,,,,,,,,,,,,,,,,,,,,,,,,,,,,,,,,,,,,,,,,,,,,,,,,,,,,,,,,,,,,,,,,,,,,,,,,,,,,,,,,,,,,,,,,,,,,,,,,,,,,,,,,,,,,,,,,,,,,,,,,,,,,,,,,,,,,,,,,,,,,,,,,,,,,,,,,,,,,,,,,,,,,,,,,,,,,,,,,,,,,,,,,,,,,,,,,,,,,,,,,,,,,,,,,,,,,,,,,,,,,,,,,,,,,,,,,,,,,,,,,,,,
19,Kartu ATM > Pemblokiran Kartu ATM,"Berikut kami informasikan Pemblokiran Kartu ATM: 
Dapat menghubungi Layanan Call Center Bank DKI (1500-351) yang tersedia 24 Jam untuk dibantu pemblokiran Kartu ATM Bank DKI untuk menjaga dana di rekening tetap aman atau apabila sudah mendaftar akun pada aplikasi JakOne Mobile, untuk pemblokiran Kartu ATM dapat dilakukan melalui aplikasi JakOne Mobile. Maka berkenan dapat mengikuti langkah-langkah sebagai berikut:

1. Pilih Menu 'Saldo Tabungan' yang terdapat pada Menu Utama
2. Pilih Rekening
3. Pada Informasi Detail Rekening, Pilih 'Blokir'
4. Selanjutnya Pilih 'Blokir'
5. Kemudian Pilih Alasan Blokir Kartu
6. Konfirmasi Blokir ATM Berhasil
7. Status Blokir Kartu ATM Berhasil",usr.dki_kartu_atm_pemblokiran,Pemblokiran Kartu ATM,saya mau memblokir kartu atm yang saya gunakan,apa bisa dibantu untuk memblokir atm yang saya gunakan?,cara memblokir atm,berikan cara untuk memblokir kartu,apa ada info terkait cara untuk memblokir kartu,"kartu atm ku hilang, aku mau memblokir kartunya","mau blokir kartu atm, soalnya kartunya hilang",apa bisa dibantu untuk pemblokiran kartu atm karena kartu atm saya hilang,bagaimana cara untuk memblokir atm?,bisa berikan saya info tentang pemblokiran atm?,saya mau memblokir kartu karena atm saya barusan tertelan,"atm saya tertelan, jadi saya mau memblokir atm nya",saya mau blokir atm,info pemblokiran atm,apa ada info mengenai pemblokiran atm?,atm yang sedang saya gunakan mau saya blokir,atmnya mau saya blokir karena dompet saya hilang,saya kehilangan dompet jadi ingin memblokir kartu yang saya gunakan sekarang,bisa bantu saya untuk memblokir atm?,jelaskan langkah-langkah untuk memblokir atm,"tolong blokir atm ku dong, kartunya hilang soalnya","karena dompet saya jatuh, jadi saya mau memblokir atm","apa bisa dibantu untuk memblokir atm, karena saya kehilangan kartunya",cara ngeblokir atm dong,ngeblokir atm harus ke bank dulu?,untuk ngeblokir bisa melalui jakone nggak?,kalau pake jakone bisa untuk ngeblokir atm nggak?,"ngeblokir atm bisa pake jakone nggak, atau harus ke bank?",harus ke bank dulu baru bisa ngeblokir atm?,"dompet habis hilang, cara ngeblokir kartu atm nya gimana",cara block kartu atm gimana,saya mau block atm karena kartunya hilang,saya minta informasi tentang pemblokiran kartu,apa ada info tentang ngeblokir atm?,aku harus ngeblokir atm sekarang,"aku perlu ngeblokir kartuku, karena dompetku hilang",apa bisa dibantu untuk ngeblokir atm?,"dompetku jatuh dan atm di dalamnya, jadi aku mau ngeblokir atm nya",saya mau ngeblokir kartu atm karena kartunya ketelen,minta bantuan untuk ngeblokir kartu atm,"kartu atm saya ketelen, tolong bantu untuk pemblokirannya",pemblokirannya bisa melalui jakone?,mau lihat pemblokiran kartu atm,saya butuh info untuk pemblokiran kartu atm,blokir kartunya bisa melalui aplikasi?,perlu ke bank dulu atau bisa melalui aplikasi untuk pemblokirannya?,pake jakone untuk ngeblokir kartu bisa kan?,pemblokiran bisa melalu jakone kan?,"atm saya hilang, apa bisa diblokir lewat jakone?",jakone bisa melakukan pemblokiran atm kan?,info blokir kartu atm,blokir atm bisa dari jakone nggak?,apa harus ke bank dulu untuk blokir kartu?,block atm,apa bisa dibantu untuk block atm saya?,saya mau block atm yang saya gunakan saat ini,untuk block kartu atm melalu jakone bisa?,bisa nggak block kartu atm melalui aplikasi?,aplikasi jakone bisa untuk block kartu atm?,,,,,,,,,,,,,,,,,,,,,,,,,,,,,,,,,,,,,,,,,,,,,,,,,,,,,,,,,,,,,,,,,,,,,,,,,,,,,,,,,,,,,,,,,,,,,,,,,,,,,,,,,,,,,,,,,,,,,,,,,,,,,,,,,,,,,,,,,,,,,,,,,,,,,,,,,,,,,,,,,,,,,,,,,,,,,,,,,,,,,,,,,,,,,,,,,,,,,,,,,,,,,,,,,,,,,,,,,,,,,,,,,,,,,,,,,,,,,,,,,,,,,,,,,,,,,,,,,,,,,,,,,,,,,,,,,,,,,,,,,,,,,,,,,,,,,,,,,,,,,,,,,,,,,,,,,,,,,,,,,,,,,,,,,,,,,,,,,,,,,,,,,,,,,,,,,,,,,,,,,,,,,,,,,,,,,,,,,,,,,,,,,,,,,,,,,,,,,,,,,,,,,,,,,,,,,,,,,,,,,,,,,,,,,,,,,,,,,,,,,,,,,,,,,,,,,,,,,,,,,,,,,,,,,,,,,,,,,,,,,,,,,,,,
20,KLJ > Penutupan Rekening KLJ,"Berikut kami informasikan Penutupan Rekening  KLJ: 
1. KTP
2. Kartu ATM
3. Datang ke Kantor Cabang Pembuka Rekening",usr.dki_klj_penutupan_rekening,Penutupan Rekening KLJ,informasi Penutupan Rekening KLJ,saya mau menutup rekening klj,kalau mau tutup rekening klj perlu apa saja?,apa ada info tentang penutupan rekening klj?,saya butuh info untuk penutupan klj karena saya mau melakukan itu,bagaimana kalau mau tutup rekening klj,kelengkapan untuk tutup rekening klj,apa saja yang perlu disiapkan untuk menutup rekening klj?,"aku mau nutup rekening klj, apa aja yang perlu aku siapkan?",untuk penutupan rekening klj apa saja yang harus disiapkan,dokumen yang perlu disiapkan untuk menutup rekening klj,aku butuh info tentang tutup rekening klj,saya mau tutup rekening klj,Bagaimana cara melakukan penutupan rekening KLJ?,cara tutup rekening klj,penutupan rekening klj aku perlu siapin dokumen apa aja?,"aku mau nutup rekening klj hari ini, apa ada informasi terkait itu?",bisa diinfokan dokumen yang diperlukan untuk menutup rekening klj,apa bisa diberikan info untuk penutupan rekering klj,"saya ingin menutup rekening klj, minta infonya yah",bagiin info tentang penutupan rekening klj dong,"apa ada info untuk tutup rekening klj, saya ingin menutup rekening saya",saya mau menutup rekening klj milik saya,rekening klj milik saya mau saya tutup,ada info untuk nutup rekening klj nggak?,"aku ada rencana untuk nutup rekening klj, apa ada info tentang itu?",untuk rekening klj nya mau saya tutup,"saya ingin tutup rekening klj, kira-kira apa aja yang perlu saya bawa?",apa aja yang disiapin utuk nutup rekening klj?,Syarat-syarat menutup rekening KLJ,Bagaimana cara menutup rekening KLJ?,Apa yang harus saya siapkan untuk menutup rekening KLJ?,Dokumen apa saja yang diperlukan untuk penutupan rekening KLJ?,Apakah ada persyaratan terkait penutupan rekening KLJ?,Saya perlu informasi penutupan rekening KLJ,Bagaimana prosedur penutupan rekening KLJ?,Apakah ada persyaratan khusus untuk menutup rekening KLJ?,Saya ingin mengetahui langkah-langkah untuk menutup rekening KLJ,Apa yang perlu dipersiapkan jika saya ingin menutup rekening KLJ?,Bagaimana cara saya menutup rekening KLJ?,Apakah ada informasi penutupan rekening KLJ?,Apa yang harus saya bawa jika ingin menutup rekening KLJ?,"saya mau menutup rekening KLJ milik saya, bagaimana caranya?",Apa saja yang diperlukan untuk menutup rekening KLJ yang saya miliki?,Saya butuh informasi tentang penutupan rekening KLJ pribadi saya,Bagaimana agar saya bisa menutup rekening KLJ?,Apa persyaratan untuk menutup rekening KLJ?,Apakah saya perlu membawa dokumen tertentu untuk menutup rekening KLJ?,Bagaimana dengan persyaratan penutupan rekening KLJ?,Apakah ada petunjuk tentang penutupan rekening KLJ?,Saya ingin tahu apa saja yang perlu dipersiapkan untuk menutup rekening KLJ.,Bagaimana saya bisa mengetahui informasi terkait penutupan rekening KLJ?,Apa saja yang harus saya persiapkan jika ingin menutup rekening KLJ?,"Saya butuh panduan tentang penutupan rekening KLJ, apa saja syaratnya?",,,,,,,,,,,,,,,,,,,,,,,,,,,,,,,,,,,,,,,,,,,,,,,,,,,,,,,,,,,,,,,,,,,,,,,,,,,,,,,,,,,,,,,,,,,,,,,,,,,,,,,,,,,,,,,,,,,,,,,,,,,,,,,,,,,,,,,,,,,,,,,,,,,,,,,,,,,,,,,,,,,,,,,,,,,,,,,,,,,,,,,,,,,,,,,,,,,,,,,,,,,,,,,,,,,,,,,,,,,,,,,,,,,,,,,,,,,,,,,,,,,,,,,,,,,,,,,,,,,,,,,,,,,,,,,,,,,,,,,,,,,,,,,,,,,,,,,,,,,,,,,,,,,,,,,,,,,,,,,,,,,,,,,,,,,,,,,,,,,,,,,,,,,,,,,,,,,,,,,,,,,,,,,,,,,,,,,,,,,,,,,,,,,,,,,,,,,,,,,,,,,,,,,,,,,,,,,,,,,,,,,,,,,,,,,,,,,,,,,,,,,,,,,,,,,,,,,,,,,,,,,,,,,,,,,,,,,,,,,,,,,,,,,,,,,,,