id,parent_id,intent_name,respond,Evidence,sample_text1,sample_text2,sample_text3,sample_text4,sample_text5,sample_text6,sample_text7,sample_text8,sample_text9,sample_text10,sample_text11,sample_text12,sample_text13,sample_text14,sample_text15,sample_text16,sample_text17,sample_text18,sample_text19,sample_text20,sample_text21,sample_text22,sample_text23,sample_text24,sample_text25,sample_text26,sample_text27,sample_text28,sample_text29,sample_text30,sample_text31,sample_text32,sample_text33,sample_text34,sample_text35,sample_text36,sample_text37,sample_text38,sample_text39,sample_text40,sample_text41,sample_text42,sample_text43,sample_text44,sample_text45,sample_text46,sample_text47,sample_text48,sample_text49,sample_text50
intvsop40ctszgj4om,root,usr.products_for_insurance,"Iya, Brins memiliki produk untuk asuransi harta benda dan rumah tinggal yang bernama BRINS ASRI",,apakah BRINS menyediakan produk untuk asuransi harta benda ?,di BRINS ada produk untuk ansurasi ga?,BRINS ada produk untuk asuransi apa aja?,adakah produk untuk asuransi di brins?,apakah kamu tau tentang produk untuk asuransi di brins?,di brins asri ada produk untuk asuransi apa?,"hallo kak, apakah brins memiliki produk untuk macam2 asuransi?","Nanya dong, brins punya produk untuk asuransi ga?",bisa kasih tau aku tentang produk untuk asuransi?,kalau boleh tau apakah di brins memiliki produk untuk asuransi rumah?,tolong beritahu aku produk untuk ansuransi,kalo di brins apa ada produk untuk asuransi?,"di brins, apa aja sih produk untuk asuransi",info produk untuk asuransi,info dong produk untuk asuransi di brins,info produk untuk asuransi harta benda dan rumah tinggal dong,apa si brins memiliki produk asuransi untuk melindungi harta benda dan rumah tinggal?,"hai kak, apakah brins memiliki produk asuransi untuk melindungi harta benda dan rumah tinggal?",jelasin dong produk untuk asuransi nya brins,emangnya brins punya produk asuransi untuk melindungi harta benda dan rumah tinggal?,kalo boleh tau di brins ada produk untuk asuransi?,memangnya ada produk untuk asuransi?,sebutin dong apa aja fungsi produk untuk asuransi di brins,brins punya broduk untuk asuransi ga nih?,di brins ada produk untuk asuransi apa saja?,aku pingin tau dong apa brins punya produk untuk asuransi?,di brins asri produk untuk asuransi nya apa?,bantu aku dong aku mau tau produk untuk asuransi,ada info produk untuk informasi?,ini ada info tentang produk untuk asuransi ga ya?,produk untuk asuransi di brins itu apa?,boleh tau ga produk untuk informasi di brins?,saya pengen tau dong produk untuk asuransi,produk untuk asuransi apa aja sih?,produk brins untuk asuransi apa aja nih,hai min apa iya brins punya produk asuransi untuk melindungi harta benda dan rumah tinggal?,beri tahu aku produku dari brins untuk asuransi dong,untuk asuransi di brins menggunakan produk?,apa iya brins punya produk untuk asuransi ?,apakah brins menyediakan produk untuk asuransi?,dapatkah kamu menjelakan produk untuk asuransi ?,bisakah kamu menampilkan informasi produk untuk asuransi?,brins nyediain produk untuk asuransi ga?,jika boleh tau apa di brins ada produk untuk asuransi?,di brins ada produk untuk asuransi kan?,kamu tau kan produk untuk asuransi?,,,,
int4054tkolz6cphkh,root,usr.guaranteed_risk_brins_beautiful,"Risiko yang di jamin dalam BRINS ASRI adalah kebakaran dan perluasannya, rumah tinggal, tanggung jawab terhadap tertanggung dan tanggung jawab terhadap pihak ketiga.",,Apakah kecelakaan termasuk risiko yang dapat dijamin BRINS ASRI?,ada apa saja resiko yang bisa dijamin?,risiko seperti apa yang dapat dijamin BRINS ASRI?,brins menjamin resiko apa saja?,"hallo, info resiko BRINS ASRI dong",tampilkan resiko apa saja yang dijamin brins asri,"Nanya dong, resiko yang dijamin apa aja?",bisa kasih tau aku apa saja resiko yang dijamin?,Tolong beri tau resiko yang dijamin brins asri,bisa ga kasih tau aku risiko apa yang dijamin brins asri?,kamu tau ga resiko apa saja yang dijamin sama BRINS ASRI?,apa aja sih risiko yang dijamin brins asri?,saya tanya dong risiko yang dijamin brins apa aja,kalau boleh tau risiko yang dijamin brins itu apa aja ya?,kamu tahu kan risiko yang dijamin brins?,Jelasin resiko yang dijamin brins asri,emangnya risiko yang dijamin brins apa saja?,"hai min, bisa jelaskan resiko apa saja yang dijamin?",risiko yang dijamin brins asri apa kak?,risiko di jamin brins asri,kalau di brins asri risiko yang dijamin ada apa aja?,sebutkan apa saja risiko yang dijamin brins asri,kirimkan data risiko yang dijamin brins asri,risiko yang dijamin apa saja?,bisa jelaskan resiko yang dijamin brins asri?,untuk resiko yang dijamin brins asri itu apa saja?,di brins asri resiko yang dijamin apa aja sih,aku pingin tau resiko yang dijamin brins asri dong,risiko yang dijamin brins asri,tolong sebutin risiko apa saja yang dijamin brins asri,brins asri menjamin risiko apa saja?,info risiko yang dijamin brins asri dong,"bantu aku dong, sebutin risiko yang dijamin brins",brins asri menjamin risiko apa aja nih,ap aja nih risiko yang dijamin brins asri,di brins asri tuh risiko yang dijamin apa aja?,apa sih risiko yang dijamin brins asri,risiko yang dijamin apa aja ya,bolehkah aku lihat risiko yang dijamin brins?,ada info risiko yang dijamin brins ga?,memang risiko yang dijamin brins apa saja?,ada berapa risiko yang dijamin brins asri?,apakah kamu bisa menjelaskan risiko yang dijamin brins asri?,dapatkah kamu menjelaskan risiko yang dijamin brins?,kira kira apa aja nih risiko yang dijamin brins asri?,beri tahu aku risiko yang dijamin brins ada apa aja,,,,
intz9a6r85bd1jcb43,root,usr.beautiful_brins_package,"Iya, pada  BRINS ASRI terdapat 3 pilihan paket bagi tertanggung \/ konsumen seperti : Paket Silver, Paket Gold dan Paket Platinum","wording harus nya ""... tertanggung / konsumen ...""
tapi di v2 "" ... tertanggung konsumen ...""",apa ada pilihan paket untuk brins asri?,adakah pilihan paket di brins untuk konsumen?,apakah ada paket untuk konsumen brins asri kak?,apakah ada paket untuk konsumen brins asri?,apakah kamu tahu apakah ada paket di brins asri?,di brins asri ada paketnya ga sih?,bisa kasih tahu apakah ada paket di brins asri?,di brins asri itu ada paketnya ga sih?,"kalo boleh tahu, apakah ada paket untuk brins asri?",kalo brins asri apakah ada paketnya?,adaa paket di brins asri?,di brins asri ada paketnya ga ya?,"apakah kamu tahu, apakah ada paket di brins asri?",di brins asri itu ada paketnya ga ya?,kalau di brins asri itu ada paketnya kan ya?,paket brins asri,paket di brins asri apa aja?,apa aja paket yang ada di brins asri?,di brins asri itu ada paket apa aja ya?,sebutkan paket yang ada di brins asri?,untuk brins asri apakah ada paketnya?,brins asri ada paketnya ga sih?,apa aja sih paket yang ada di brins asri?,untuk brins asri apakah ada paket2nya?,paket di brins asri apakah ada?,bisa sebutin apa aja paket yang ada di brins asri?,di brins asri itu paketnya apa aja nih?,sebutin dong apa aja paket brins asri?,brins asri ada paket apa aja sih kak?,boleh tahu apa aja paket yang ada di brins asri?,paket2 yang ada di brins asr,paket-paket yang ada di brins asri apa aja ya?,tolong beritahu saya apa aja paket yang ada di brins asr,jelaskan paket apa aja yang ada di brins asri?,brins asri itu ada paket-paket apa aja?,saya boleg tahu paket brins asri apa aja?,tlg dong kasih tahukan saya paket yang ada di brins asri?,brins asri ada paket apa aja?,brins asri tuh ada paket apa aja ya?,brins asri menyediakan paket apa aja?,apa aja paket yang disediakan brins asri?,brins asri terdapat paket apa aja?,paket apa yang terdapat di brins asri?,brins asri ada paket apa aja nih? kalo boleh tahu,untuk paket brins asri ada apa aja?,paket brins asri dong,,,,
intjn6ie9boa1xamgv,root,usr.brins_vehicle_insurance,Brins memiliki produk untuk asuransi kendaraan bermotor yang bernama BRINS OTO,,ada ga sih asuransi kendaraan di brins,apakah brins menyediakan produk asuransi kendaraan,asuransi untuk melindungi kendaraan bermotor di brins ada ga,kalau saya mau asuransiin perlindungan kendaraan di brins bisa ga,kalau begitu apakah BRINS menyediakan asuransi kendaraan bermotor,produk asuransi perlindungan kendaraan di BRINS ada ga,brins nyediain asuransi kendaraan ga sih,halo mimin apakah BRINS nyediain produk asuransi perlindungan mobil,produk asuransi kendaraan di brins ada kan ya,asuransi kendaraan yang disediain sama brins ada gak,halo apakah brins menyediakan asuransi untuk melindungi kendaraan,asuransi kendaraan di brins namanya apa ya,nama asuransi kendaraan di brins apa ya,nama produk asuransi untuk perlindungan kendaraan di brins apa ya,"selamat pagi, apakah brins menyediakan layanan asuransi kendaraan",mau asuransiin kendaraan di brins bisa ga ya,kamu tau ga nama asuransi kendaraan di BRINS,mohon infonya tentang produk asuransi kendaraan di brins,info tentang produk asuransi kendaraan di brins,produk asuransi kendaraan bermotor di brins ada ga sih,BRINS menyediakan layanan asuransi untuk kendaraan bermotor tidak ya,jadi BRINS nyediain produk asuransi atau tidak ya,asuransi di BRINS untuk kendaraan ada ga?,saya mau asuransiin kendaraan di BRINS bisa ga?,kalo mau mengansuransikan kendaraan saya di BRINS bisa ga ya,asuransiin mobil di BRINS bisa?,saya mau mengansuransikan perlindungan mobil saya di BRINS bisa tidak ya,apakah pihak BRINS menyediakan asuransi kedaraan bermotor,di BRINS ada produk asuransi kendaraan tidak ya,produk asuransi di brins ada yang menyangkut tentang kendaraan ga?,jadi brins nyediain asuransi untuk kendaraan ya?,halo apakah di brins ada layanan assuransi perlindungan untuk mobil,saya mau asuransikan mobila saya apakah di brins menyediakan layanan asuransi itu?,bisa ga sih ngansuransiin mobil di brins,BRINS layanan atau produk asuransi kendaraan,produk asuransi kendaraan bermotor di brins ada apa saja,produk asuransi di brins untuk kendaraan roda empat,apa brins menyediakan produk asuransi untuk mobil atau motor,asuransi keselamatan kendaraan bermotor di brins ada tidak ya,apa iya brins menyediakan produk asuransi kendaraan bermotor,apa benar brins menyediakan produk asuransi keselamatan kendaraan bermotor,apakah benar BRINS memiliki produk asuransi keselamatan untuk kendaraan bermotor,apakah brins memiliki asuransi keselamaan untuk kendaraan bermotor,brins nyediain asuransi keselamatan untuk kendaraan bermotor ga ya,produk asuransi kendaraan itu tersedia di BRINS atau tidak ya,apakah di brins tersedia produk asuransi untuk kendaraan bermotor?,,,,
intem7du6rts9o41kt,root,usr.risk_that_can_be_guaranteed_brins_oto,Risiko yang di jamin dalam BRINS OTO adalah TLO dan Comprehensive,,resiko jaminan apa saja yang dapat tercover oleh brins oto,apa saja sih resiko kerusakan yang dapat dijamin oleh brins oto,resiko seperti apa yang bisa dijaminkan oleh brins oto,brins oto memberikan jaminan terhap resiko yang seperti apa ya,apa jenis resiko yang dijaminkan oleh brins oto,resiko kerusakaan seperti apa yang dijamin oleh brins oto,halo resiko apa saja yang dijaminkan dalam brins oto,brins oto jenis resiko seperti apa sih yang dijaminkan,"dalam brins oto, jenis resiko seperti apa yang bisa dijaminkan",brins oto itu bisa memberikan jaminan terhadap resiko yang seperti apa,brins oto bisa kasih jaminan resiko seperti apa,apa saja jaminan resiko yang diberikan oleh brins oto,brins oto bisa ngasih jaminan resiko yang seperti apa,jaminan resiko yang seperti apa yang bisa dikasih brins oto,brins oto bisa ngasih jaminan resiko kerusakan apa saja ya,di brins oto itu jenis jaminan resiko yang ditanggungkan itu apa saja,hai brins oto bisa kasih jaminan resiko apa saja ya,hai brins oto bisa kasih jaminan resiko apa saja,resiko yang dijaminkan oleh brins oto apa saja ya,apa resiko yang bisa dijaminkan oleh brins oto,brins oto bisa menjaminkan resiko kerusakan yang seperti apa,risiko yang dijamin oleh brins oto apa saja,apa saja risiko yang dijamin sama brins oto,brins oto bisa kasih jaminan risiko apa saja,risiko kerusakaan seperti apa yang dijamin oleh brins oto,brins oto bisa memberikan jaminan untuk risiko kerusakaan yg spt apa ya,mau tau dong risiko apa saja yang dijamin oleh brins oto,hey brins oto bisa kasih aku jaminan risiko apa saja,jaminan risiko apa aja yang bisa saya dapat dari brins oto,risiko kerusakaan kendaraan yang seperti apa yang bisa dijamin oleh brins oto,jaminan resiko kerusakaan kendaraan seperti apa yang bisa diberikan oleh brins oto,brins oto bisa kasih jaminan risiko untuk kerusakan kendaraan yg seperti apa,brins oto bisa kasih jaminan risiko apa saja to,apa jaminan risiko yg saya dapatkan di brins oto,saya dapat jaminan risiko apa saja ya di brins oto,di brins oto jaminan risiko yang bisa saya dapatkan apa saja ya,jaminan risiko yang seperti apa yang didapatkan kendaraan saya jika menggunakan brins oto,jika pakai brins oto jaminan risiko seperti apa yang dicover oleh brins oto,brins oto cover jaminan risiko apa saja ya,jaminan risiko yang tercover oleh brins oto apa saja ya,jaminan risiko kerusakaan yg kyk gmn yg dicover sama brins oto,emg brins oto bisa kasih jaminan risiko apa saja,brins oto nawarin jaminan risiko apa aja emgnya,jaminan risiko apa saja yg bisa diterima kendaraan saya,kalau kendaraan saya rusak jaminan risiko apa yg bisa dicover sama brins oto,brins oto bisa kasih jaminan risiko apa sih buat kendaraan saya,,,,
int9stiyy1dnh8rpa6,root,usr.tlo_guarantee,"Asuransi TLO kerugian total Penggantian hanya diberikan apabila kendaraan mengalami kerugian total, seperti kendaraan hilang dicuri atau tabrakan\/kebakaran yang menyebabkan kerusakan parah dengan estimasi biaya perbaikan sama dengan atau minimal 75% dari harga pasar kendaraan.","wording kurang tanda /
https://im.ge/i/qRaks1",apa itu jaminan TLO,jaminan TLO itu singkatan dari apa,jaminan TLO itu apa mimin?,memang jaminan TLO itu apa,jenis jaminan seperti apa jaminan TLO itu?,apa yang dimaksud dengan jaminan risiko jaminan TLO,apa itu jaminan TLO di brins oto,jaminan TLO di brins oto itu apa sih,apakah yg dimksd sama jaminan TLO,jaminan risiko jaminan TLO itu apa mksdnya,maksud dari jaminan TLO adalah,jaminan TLO adalah,mau tau dong tentang jaminan TLO,terus jaminan TLO itu apa emgnya,jaminan TLO itu apa memangnya,jaminan TLO itu jenis jaminan seperti apa ya memangnya,mau tau lebih dong tentang jaminan TLO,info jaminan TLO dong,kasih info dong tentang jaminan TLO,jaminan TLO itu apa min?,jaminan TLO itu mksdnya apa ya kak,kak jaminan TLO itu apa mksdnya,lalu apa yg dimaksd jaminan TLO itu,jaminan TLO itu jenis jaminan seperti apa,jenis jaminan sepertti apa jaminan TLO itu,jaminan risiko jaminan TLO dalam brins adalah,apa sih kepanjangan dari jaminan TLO,jaminan TLO itu kepanjangannya apa,apa kepanjangan jaminan TLO,jaminan TLO itu kepanjanannya apa ya,maaf bisa kamu kasih tau apa itu jaminan TLO,bisa ga kamu kasih tau aku ttg jaminan TLO,jaminan TLO itu merupakan jenis jaminan spt apa ya,jaminan TLO itu kepanjangannya apa ya klo boleh tau,lalu jaminan TLO itu apa?,kalau jaminan TLO itu apa dong,mau dong kalau jaminan TLO itu apa sih,info lebih dong ttg jaminan TLO,kasih aku info lebih dong tentang jaminan TLO,bisa kasih tau aku tentang jaminan TLO?0,kalau jaminan TLO itu kepanjangannya apa dan jenis jaminan resiko apa itu,jaminan resiko jaminan TLO itu apa sih,apa yang dmksd sama jaminan resiko jaminan TLO,jaminan TLO itu jenis jaminan yang diberikan BRINS ya?,aku mau tau dong tentang jaminan TLO di BRINS,info dong tentang jaminan risiko jaminan TLO di brins,,,,
intd6znbakjdi00qpo,root,usr.comprehensive_guarantee,Asuransi Comprehensive Menjamin kerugian dan atau kerusakan pada kendaraan bermotor dan atau kepentingan yang dipertanggungkan baik Partial Loss atau Total Loss.,,apa itu jaminan comperhensive,jaminan comperhensive itu apa emgnya ya,jaminan comperhensive itu apa mimin?,memang jaminan comperhensive itu apa,jenis jaminan seperti apa jaminan comperhensive itu?,apa yang dimaksud dengan jaminan risiko comperhensive,apa itu jaminan comperhensive di brins oto,jaminan comperhensive di brins oto itu apa sih,apakah yg dimksd sama jaminan comperhensive,jaminan risiko comperhensive itu apa mksdnya,maksud dari jaminan comperhensive adalah,jaminan comperhensive adalah,mau tau dong tentang jaminan comperhensive,terus jaminan comperhensive itu apa emgnya,jaminan comperhensive itu apa memangnya,jaminan comperhensive itu jenis jaminan seperti apa ya memangnya,mau tau lebih dong tentang jaminan comperhensive,info jaminan comperhensive dong,kasih info dong tentang jaminan comperhensive,jaminan comperhensive itu apa min?,jaminan comperhensive itu mksdnya apa ya kak,kak jaminan comperhensive itu apa mksdnya,lalu apa yg dimaksd jaminan comperhensive itu,jaminan comperhensive itu jenis jaminan seperti apa,jenis jaminan sepertti apa jaminan comperhensive itu,jaminan risiko comperhensive dalam brins oto adalah,terus apa sih jaminan comperhensive,jaminan comperhensive itu cover apa aja,jaminan comperhensive bisa cover risiko apa saja ya,jaminan comperhensive itu apa ya saya mau tau dong,maaf bisa kamu kasih tau apa itu jaminan comperhensive,bisa ga kamu kasih tau aku ttg jaminan comperhensive,jaminan comperhensive itu merupakan jenis jaminan spt apa ya,jaminan comperhensive itu bisa cover risiko spt apa ya klo boleh tau,lalu jaminan comperhensive itu apa?,kalau jaminan comperhensive itu apa dong,mau tahu dong kalau jaminan comperhensive itu apa sih,info lebih dong ttg jaminan comperhensive,kasih aku info lebih dong tentang jaminan comperhensive,bisa kasih tau aku tentang jaminan comperhensive?,kalau jaminan comperhensive itu bisa cover resiko apa dan jenis jaminan resiko apa itu,jaminan resiko comperhensive itu buat resiko apa,apa yang dmksd sama jaminan resiko comperhensive,jaminan comperhensive itu jenis jaminan yang diberikan BRINS oto ya?,aku mau tau dong tentang jaminan comperhensive di BRINS,info dong tentang jaminan risiko comperhensive di brins,,,,
int3vsutqsumv4rlc3,root,usr.maximum_age_of_the_vehicle,Usia maksimal yang dapat diasuransikan dalam BRINS OTO untuk jaminan TLO 15 tahun dan untuk Comprehensive 10 tahun.,,halo mimin berapa tahun usia maksimal kendaraan yang bisa mendapatkan asuransi brins oto,berapa batas usia kendaraan yg bisa dapet asuransi brins oto,batas usia kendaraan yang diizinkan untuk bisa diasuransikan dalam brins oto,brp sih batas usia maksimal kendaraan yang bisa diasuransikan dalam brins oto,maksimal usia kendaraan untuk bisa diasuransiin di brins oto berapa ya,kamu tau gk batas usia kendaraan yg bisa diasuransiin di brins oto,syarat batas maksimal umur kendaraan untuk asuransi brins oto,persyaratan usia maksimal kendaraan untuk asuransi brins oto,berapa syarat usia maksimal kendaraan untuk asuransi brins oto,terus brp usia kendaraan yang bisa diasuransikan,batas usia maksimal kendaraan yg bisa diasuransiin brp sih,kamu tau gak sih brp maksimal usia kendaraan yg diperbolehin buat asuransi di brins oto,brp usia maksimal kendaraan yang bisa dpt asuransi di brins oto kamu tau gk,halo brp tahun usia maksimal kendaraan utk bisa di asuransiin di brins oto,berapa tahun sih usia maksimal kendaraan agar bisa diasuransikan di brins oto,kamu tau ga sih brp usia maksimal kendaraan agar bisa diasuransiin di brins oto,jd klo gt berapa sih usia maksimal kendaraan spya bisa diasuransiin,halo saya mau tau dong asuransi kendaraan brins oto itu menerima kendaraan di usia berapa ya,berapa usia kendaraan yang diizinkan agar bisa mendapat asuransi brins oto,brp usia kendaraan yg bisa dapet asuransi brins oto,brins oto itu nerima kendaraan maksimal usia brp ya?,syarat usia kendaraan agar bisa diasuransikan di brins oto,mkasimal usia kendaraan yang bisa mendapatkan asuransi dalam brins oto,asuransi kendaraan dari brins oto bisa menerima kendaraan di usia brp,brp usia maks kendaraan yang bisa dapet asuransi brins oto,mau tau dong usia maks kendaraan yg bisa dapet asuransi brins oto,berapa usia maks mobil yg bisa mendapatkan asuransi di brins oto,mobil dengan usia maksimal berapa tahun yg dapat diasuransikan di brins oto?,brins oto bisa nerima mobil asuransi dengan maksimal usia brp ya,apakah kamu tau berapa usia maksimum suatu kendaraan agar dapat diasuransikan di brins oto,brins oto dapat menerima kendaraan dengan batas usia maksimal berapa tahun ya,kendaraan yang dapat diasuransikan di brins oto maksimal usia berapa ya,oiya kendaraan yang bisa diasuransiin di brins oto itu maksimal berusia berapa tahun ya,mobil yang bisa diasuransiin di brins oto itu maks berusia brp tahun ya mbak?,apakah kamu tau usia maksimal mobil yang bisa diasuransikan oleh brins oto,brins oto bisa mengansuransikan kendaraan dengan usia maksimal brp tahun ya,brins oto itu bisa mengansuransikan kendaraan dgn umum kendaraan maks umur brp tahun ya,saya mau tahu berapa syarat maksimal umur kendaraan untuk bisa diasuransikan di brins oto,syarat usia kendaraan yang bisa dapet asuransi brins oto brp ya kak,jk saya asuransi di brins oto berapa usia maksimal utk kendaraan saya agar bisa menerima asuransi ini,brins oto menerima kendaraan dengan usia maksimal berapa tahun ya untuk bisa diasuransikan,oiya kalau boleh tau brins oo itu menerima kendaraan dgn umur maks brp tahun ya supaya bisa diasuransikan,agar dapat mengansuransikan kendaraan di brins oto berapa usia maksimal yg diterima oleh brins oto,berapa usia maksimal kendaraan yang bisa diterima oleh brins oto agar dapat diasuransikan,jika boleh tau berapa memangnya usia maksimal kendaraan yang bisa menerima asuransi,asuransi di brins oto itu maksimal usia kendaraan brp tahun ya,,,,
intpxwc4ncmhuuyr1d,root,usr.auto_brins_pack,"Pada BRINS OTO terdapat 4 (empat) pilihan paket bagi tertanggung \/ konsumen seperti : Paket Bronze, paket Silver, Paket Gold dan Paket Platinum","wording kurang tanda /
https://im.ge/i/qRDnIc",pilihan paket apa yang ditawarkan oleh brins oto untuk konsumen?,apa pilihan paket yang ditawarkan untuk konsumen atau tertanggung,brins oto nyediain pilihan paket apa aja untuk para konsumen,oiya apakah ada paket paket menarik yang dimiliki brins oto untuk konsumen,apa pilihan paket yg disediain sama brins oto buat para konsumen,ada ga pilihan paket yg bisa saya dapet sebagai konsumen brins oto,sebagai konsumen brins oto apakah ada pilihan pilihan paket yg bisa saya dapat?,apakah di brins oto nyediain paket untuk konsumen,brins oto menyediakan paket apa saja ya untuk tertanggung asuransi seperti saya,apakah ada pilihan paket untuk konsumen asuransi seperti saya?,ada ga pilihan paket yg tersedia untuk tertanggung,kamu tahu gak sih pilihan paket yg disediain sama brins untuk konsumen seperti saya,hei ada ga sih pilihan paket yg disediain oleh brins oto buat para tertanggung atau konsumernya,saya mau tau ada ga sih pilihan paket unuk konsumen brins oto?,sebagai tertanggung apakah brins oto memiliki paket untuk saya,apakah ada pilihan paket untuk konsumen atau tertanggung yg disediain sama brins oto,halo mimin ada ga pilihan paket yg disediain sama brins oto utk saya sebagai konsumen,saya mau tahu apakah di brins oto punya pilihan paket untuk saya sebagai konsumen atau tertanggung seperti saya?,pilihan paket yg disediain oto brins apa saja sih untuk para konsumernya,ada paket2 apa aja yg disediain sama oto brins buat konsumen atau tertanggung,saya mau tau dong pilihan paket apa saja yg disediain buat konsumen atau tertanggung,paket apa saja yg dimiliki oleh brins oto buat konsumennya?,apa aja pilihan paket yg disediain sama brins oto buat konsumer,halo saya mau tahu pilihan paket yg disediain sama brins oto apa aja ya,apakah brins oto menyediakan paket khusus untuk konsumer atau tertanggungnya?,saya mau tau apakah ada paket yg disediain sama brins oto buat konsumernya,ada berapa pilihan paket yg disediain oleh brins oto buat konsumer atau tertanggungnya,konsumen brins oto bisa dapet pilihan paket apa saja,di brins oto ada pilihan paket apa saja utk para kosumen atau tertanggungnya,di brins oto pilihan paket yg disediain buat konsumen atau tertanggungnya,brins oto nyediain paket2 untuk konnsumennya apa aja ya,paket2 pilihan apa yg disediain brins oto buat konsumennya?,pilihan paket apa saja yang bisa dipilih oleh konsumennya,pilihan paket yg tersedia bagi konsumen brins oto apa saja,jika menjadi konsumen brins oto maka pilihan paket apa yg bisa saya dapat,pilihan pilihan paket yang tersedia untuk konsumennya apa aja sih,ada berapa pilihan paket untuk para tertanggung / konsumen2 brins oto,ada brp sih pilihan pakett utk para kosumer / tertanggung di brins oto,pilihan paket yg tersedia untuk konsumer / tertanggung di brins oto apa saja,ada brp pilihan paket yg bisa diambil oleh konsumer brins oto,pilihan paket yg disediakan oleh brins oto untuk konsumer itu terdiri dari apa saja,saya mau tahu dong ada paket apa saja untuk para konsumer dari brins oto,ada berapa pilihan paket untuk konsumer dari brins oto,pilihan paket yg bisa didapatkan oleh tertanggung dari brins oto apa saja ya,ada berapa pilihan paket untuk konsumer dari brins oto kak?,apa aja paket yg bisa dipilih oleh konsumer brins oto,,,,
int0yvmbghw917xf0a,root,usr.residential_insurance_products,BRINS memiliki produk untuk asuransi rumah tinggal,"masuk ke menu produk
https://im.ge/i/qR7ay8",apakah brins memiliki asuransi rumah tinggal,brins tuh punya ga sih asuransi rumah tinggal,apakah brins ada asuransi rumah tinggal,brins menyediakan asuransi rumah tinggal ga ya?,ada produk asuransi rumah tinggal ga di brins,kalo asuransi rumah tinggal apakah di brins ada,asuransi rumah tinggal di brins ada ga ya,apakah ada asuransi rumah tinggal di brins,apakah produk asuransi rumah tinggal ada di brins,brins asuransi rumah tinggal ada ga ya?,asuransi rumah tinggal di brins tuh ada ga sih,kalo asuransi rumah tinggal di brins itu apakah tersedia,tersedia ga asuransi rumah tinggal di brins,apakah sekarang di brins menyediakan asuransi rumah tinggal?,asuransi rumah tinggal itu apakah tersedia di brins?,brins menyediakan produk asuransi rumah tinggal tidak ya?,apakah kamu tahu apakah ada produk rumah tinggal di sediakan brins?,kamu tau ga di brins ada asuransi rumah tinggal atau tidak ya,apakah bri inscurence memiliki produk asuransi rumah tinggal,bri insurence punya profuk asuransi rumah tinggal ga ya?,apakah bri insurennce menyediakaan produk asuransi untuk rumah tinggal?,untuk produk asuransi rumah tinggal ada?,asuransi rumah tinggal di bri insurence apakah tersedia,apakah tersedia asuransi rumah tinggal di bri insurence,tolong konfirmasi apakah brins memiliki asuransi rumah tinggal,asuransi rumah tinggal ini ada di brins atau tidak ya mimin,saya mau bertanya apakah brins memiliki tipe asuransi untuk rumah tinggal,perlu konfirmasi apakah brins memiliki paket asuransi untuk rumah tinggal,saya mau tahu di brins itu ada produk asuransi untuk rumah tinggal ga ya,asuransi rumah tinggal di brins itu ada kan ya?,brins itu punya asuransi rumah tinggal kan ya?,kalau saya tidak salah brins itu memiliki asuransi rumah tinggal apakah benar,apakah benar jika brins memiliki produk asuransi rumah tinggal,apa iya brins punya produk asuransi rumah tinggal,apakah iya brins punya produk asuransi rumah tinggal,brins memiliki produk untuk asuransi rumah tinggal ya?,apakah benar jika brins memiliki produk asuransi rumah tinggal,untuk asuransi rumah tinggal di brins itu benar adanya atau tidak ya,paket asuransi rumah tinggal di brins,brins menyediakan paket asuransi rumah tinggal ga sih?,brins punya paket asuransi rumah tinggal ga ya?,kamu pasti tahu apakah brins memiliki produk asuransi rumah tinggal,asuransi rumah tinggal di brins itu benar kan ya mimin?,untuk paket asuransi rumah tinggal apakah juga tersedia di brins,apakah brins juga menyediakaan asuransi rumah tinggal untuk konsumernya,apakah juga tersedia asuransi rumah tinggal untuk konsumen brins?,,,,
into7l1hnnnl3wcy3o,root,usr.risk_guaranteed_by_residential_insurance,"Risiko yang di jamin dalam asuransi rumah tinggal adalah sebagai berikut : <BR>&amp;#039;- Kematian \/ Cacat Total<BR>- Cacat sebagian<BR>- Biaya perawatan dan atau Pengobatan yang secara langsung akibat kecelakaan yang datangnya secara tiba-tiba, dan langsung berdampak terhadap peserta","wording kurang tanda /
https://im.ge/i/qRIcFJ",resiko jaminan apa saja yang dapat tercover oleh asuransi rumah tinggal di brins,apa saja sih resiko kecelakaan yang dapat dijamin oleh asuransi rumah tinggal di BRINS,resiko seperti apa yang bisa dijaminkan oleh resiko rumah tinggal di BRINS,asuransi rumah tinggal di BRINS memberikan jaminan terhap resiko yang seperti apa ya,apa jenis resiko yang dijaminkan oleh asuransi rumah tinggal di BRINS,resiko kecelakaan seperti apa yang dijamin oleh asuransi rumah tinggal di brins,halo resiko apa saja yang dijaminkan dalam asuransi rumah tinggal di brins,untuk asuransi rumah tinggal di brins jenis resiko seperti apa sih yang dijaminkan,"dengan asuransi rumah tinggal di brins, jenis resiko seperti apa yang bisa dijaminkan",asuransi rumah tinggal di brins itu bisa memberikan jaminan terhadap resiko yang seperti apa,asuransi rumah tinggal di brins bisa kasih jaminan resiko seperti apa,apa saja jaminan resiko yang diberikan oleh asuransi rumah tinggal di brins,asuransi rumah tinggal di brins bisa ngasih jaminan resiko yang seperti apa,jaminan resiko yang seperti apa yang bisa dikasih oleh asuransi rumah tinggal di brins,asuransi kecelakaan rumah tinggal di brins bisa ngasih jaminan resiko kecelakaan apa saja ya,dengan asuransi rumah tinggal di brins itu jenis jaminan resiko yang ditanggungkan itu apa saja,hai asuransi rumah tinggal di brins bisa kasih jaminan resiko apa saja ya,hai asuransi rumah tinggal brins bisa kasih jaminan resiko apa saja,resiko yang dijaminkan oleh asuransi rumah tinggal di brins apa saja ya,apa resiko yang bisa dijaminkan oleh asuransi rumah tinggal di brins,asuransi kecelakaan dri brins bisa menjaminkan untuk rumah tinggal yang seperti apa,risiko yang dijamin oleh asuransi rumah tinggal apa saja,apa saja risiko yang dijamin oleh asuransi rumah tinggal bins,asuransi rumah tinggal di brins bisa kasih jaminan risiko apa saja,risiko kecelakaan seperti apa yang dijamin oleh asuransi rumah tinggal di brins,asuransi rumah tinggal di brins oto itu bisa memberikan jaminan untuk risiko kecelakaan yg spt apa ya,mau tau dong risiko apa saja yang dijamin oleh brins dengan asuransi rumah tinggal,hey asuransi rumah tinggal di brins bisa kasih saya jaminan risiko apa saja,jaminan risiko apa aja yang bisa saya dapat dari asuransi rumah tinggal di brins,risiko kecelakaan yang seperti apa yang bisa dijamin oleh asuransi rumah tinggal di brins,jaminan resiko rumah tinggal yg seperti apa yang bisa diberikan oleh asuransi rumah tinggal brins,asuransi rumah tinggal di brins bisa kasih jaminan risiko untuk rumah tinggal yg seperti apa,asuransi rumah tinggal di brins bisa kasih jaminan risiko apa saja to,apa jaminan risiko yg saya dapatkan dengan asuransi rumah tinggal BRINS?,saya dapat jaminan risiko apa saja ya dengan asuransi rumah tinggal di brins,di asuransi rumah tinggal yg dimiliki brins jaminan risiko yang bisa saya dapatkan apa saja ya,jaminan risiko yang seperti apa yang didapatkan jika saya memiliki asuransi rumah tinggal di BRINS,sebagai pengguna asuransi rumah tinggal di brins jaminan risiko seperti apa yang dicover oleh brins,asuransi rumah tinggal brins bisa cover jaminan risiko apa saja ya,jaminan risiko yang tercover oleh asuransi rumah tinggal apa saja ya,jaminan risiko kecelakaan yg spt apa yg bisa dicover sama asuransi rumah tinggal brins,emg asuransi kecelakaan rumah tinggal di brins bisa kasih jaminan risiko apa saja,asuransi rumah tinggal di brins memberikan penawaran jaminan risiko apa aja emgnya,jaminan risiko kecelakaan apa saja yg bisa diterima oleh saya jika saya menggunakan asuransi rumah tinggal brins,kalau terjadi kecelakaan rumah tinggal saya maka jenis kecelakaan seperti apa yg bisa dicover asuransi kecelakan diri di brins?,asuransi rumah tinggal oleh brins bisa kasih jaminan risiko apa sih buat saya,,,,
intuvpkaoghowdqp6d,root,usr.place_of_business_insurance,BRINS memiliki produk untuk asuransi yang melindungi tempat usaha jika mengalami kerusakan bagi segmentasi mikro yaitu asuransi mikro BRINS Kerusakan Tempat Usaha (KTU).,,brins nyediain asuransi buat ngelindungin tempat usaha mikro saya tidak ya,apakah brins memiliki produk asuransi yg melindungi tempat usaha mikro atau umkm dari kerusakaan2 atau kecelakaan2 yg sewaktu waktu bisa terjadi,brins itu punya produk asuransi buat melindungi tempat usaha mikro dari kerusakaan2 yg bisa terjado sewaktu waktu,brins ada produk suransi buat melindungi tempat usaha mikro dari kerusakaan ga ya?,ada produk asuransi perlindungan tempat usaha mikro dari kerusakaan ga di brins,kalo asuransi perlindungan tempat usaha mikro dari kerusakaan apakah di brins ada,asuransi perlindungan tempat usaha mikro dari kerusakaan di brins ada ga ya,apakah ada asuransi perlindungan tempat usaha mikro dari kerusakaan di brins,apakah produk asuransi perlindungan tempat usaha mikro dari kerusakaan ada di brins,brins asuransi perlindungan tempat usaha mikro dari kerusakaan ada ga ya?,asuransi perlindungan tempat usaha mikro dari kerusakaan di brins tuh ada ga sih,kalo asuransi perlindungan tempat usaha mikro dari kerusakaan di brins itu apakah tersedia,tersedia ga asuransi perlindungan tempat usaha mikro dari kerusakaan di brins,apakah sekarang di brins menyediakan asuransi perlindungan tempat usaha mikro dari kerusakaan?,asuransi perlindungan tempat usaha mikro dari kerusakaan itu apakah tersedia di brins?,brins nyediain asuransi perlindungan tempat usaha mikro dari kerusakaan tidak ya?,apakah kamu tahu brins memiliki produk asuransi perlindungan tempat usaha mikro ga ya?,kamu tau ga di brins ada asuransi perlindungan tempat usaha mikro dari kerusakaan atau tidak ya,apakah bri inscurence memiliki asuransi perlindungan tempat usaha mikro dari kerusakaan,bri insurence punya asuransi perlindungan tempat usaha mikro dari kerusakaan ga ya?,apakah bri insurennce menyediakaan asuransi perlindungan tempat usaha mikro dari kerasakan?,apa brins akan melindungi tempat usaha mikro dari kerusakan?,asuransi perlindungan tempat usaha mikro dari kerusakaan di bri insurence apakah tersedia,apakah tersedia asuransi perlindungan tempat usaha mikro dari kerusakaan di bri insurence,tolong konfirmasi apakah brins memiliki asuransi perlindungan tempat usaha mikro dari kerusakaan,asuransi perlindungan tempat usaha mikro dari kerusakaan ini ada di brins atau tidak ya mimin,saya mau bertanya apakah brins melindungi tempat usaha mikro dari kerusakan kak?,perlu konfirmasi apakah brins memiliki jaminan asuransi untuk usaha mikro dari kerusakan?,saya mau tahu di brins itu apakah kerusakan tempat usaha mikro di jamin?,asuransi perlindungan tempat usaha mikro dari kerusakaan di brins itu ada kan ya?,brins itu punya asuransi perlindungan tempat usaha mikro dari kerusakaan kan ya?,kalau saya tidak salah brins itu memiliki asuransi perlindungan tempat usaha mikro dari kerusakaan apakah benar,apakah jika brins memiliki produk asuransi perlindungan tempat usaha mikro dari kerusakaan,apa iya brins memiliki perlindungan tempat usaha mikro terhadap kerusakan?,untuk asuransi perlindungan tempat usaha mikro apakah ada jaminan kerusakan?,kaminan asuransi kerusakan pada tempat usaha mikro,apakah benar jika brins memiliki produk asuransi perlindungan tempat usaha mikro dari kerusakaan,untuk asuransi perlindungan tempat usaha mikro dari kerusakaan di brins itu benar adanya atau tidak ya,paket asuransi perlindungan tempat usaha mikro dari kerusakaan di brins,brins menyediakan paket asuransi perlindungan tempat usaha mikro dari kerusakaan ga sih?,brins punya paket asuransi perlindungan tempat usaha mikro dari kerusakaan ga ya?,kamu pasti tahu apakah brins memiliki produk asuransi perlindungan tempat usaha mikro dari kerusakaan,asuransi perlindungan tempat usaha mikro dari kerusakaan di brins itu benar kan ya mimin?,untuk paket asuransi perlindungan tempat usaha mikro dari kerusakaan apakah juga tersedia di brins,apakah brins juga menyediakaan asuransi perlindungan tempat usaha mikro dari kerusakaan untuk konsumernya,apakah juga tersedia asuransi perlindungan tempat usaha mikro dari kerusakaan untuk konsumen brins?,,,,
intogzl6ufxa4qn274,root,usr.risks_guaranteed_by_ktu_microinsurance,"Risiko yang di jamin dalam asuransi mikro BRINS Kerusakan Tempat Usaha (KTU) adalah sbb : <BR>- Kebakaran, ledakan kompor atau tabung gas, kejatuhan pesawat terbang, kebakaran bangunan sekitar. <BR>- Kerusuhan, tertabrak kendaraan, gempa bumi, letusan gunung berapi.<BR>- Tsunami.",,resiko jaminan apa saja yang dapat tercover oleh asuransi mikro brins Kerusakan Tempat Usaha (KTU) di brins,apa saja sih resiko kerusakan yang dapat dijamin oleh asuransi mikro brins Kerusakan Tempat Usaha (KTU) di BRINS,resiko seperti apa yang bisa dijaminkan oleh asuransi mikro brins Kerusakaan Tempat Usaha (KTU),asuransi mikro brins Kerusakan Tempat Usaha (KTU) di BRINS memberikan jaminan terhap resiko yang seperti apa ya,apa jenis resiko yang dijaminkan oleh asuransi mikro brins Kerusakan Tempat Usaha (KTU) di BRINS,resiko kerusakan seperti apa yang dijamin oleh asuransi mikro brins Kerusakan Tempat Usaha (KTU) di brins,halo resiko apa saja yang dijaminkan dalam asuransi mikro brins Kerusakan Tempat Usaha (KTU) di brins,untuk asuransi mikro brins Kerusakan Tempat Usaha (KTU) di brins jenis resiko seperti apa sih yang dijaminkan,"dengan asuransi mikro brins Kerusakan Tempat Usaha (KTU) di brins, jenis resiko seperti apa yang bisa dijaminkan",asuransi mikro brins Kerusakan Tempat Usaha (KTU) di brins itu bisa memberikan jaminan terhadap resiko yang seperti apa,asuransi mikro brins Kerusakan Tempat Usaha (KTU) di brins bisa kasih jaminan resiko seperti apa,apa saja jaminan resiko yang diberikan oleh asuransi mikro brins Kerusakan Tempat Usaha (KTU) di brins,asuransi mikro brins Kerusakan Tempat Usaha (KTU) di brins bisa ngasih jaminan resiko yang seperti apa,jaminan resiko yang seperti apa yang bisa dikasih oleh asuransi mikro brins Kerusakan Tempat Usaha (KTU) di brins,asuransi kerusakan tempat usaha di brins bisa ngasih jaminan resiko kerusakan apa saja ya,dengan asuransi mikro brins Kerusakan Tempat Usaha (KTU) di brins itu jenis jaminan resiko yang ditanggungkan itu apa saja,hai asuransi mikro brins Kerusakan Tempat Usaha (KTU) di brins bisa kasih jaminan resiko apa saja ya,hai asuransi mikro brins Kerusakan Tempat Usaha (KTU) brins bisa kasih jaminan resiko apa saja,resiko yang dijaminkan oleh asuransi mikro brins Kerusakan Tempat Usaha (KTU) di brins apa saja ya,apa resiko yang bisa dijaminkan oleh asuransi mikro brins Kerusakan Tempat Usaha (KTU) di brins,asuransi mikro brins kerusakan tempat usaha bisa menjaminkan resiko kerusakan usaha yang seperti apa,risiko yang dijamin oleh asuransi mikro brins kerusakan tempat usaha apa saja,apa saja risiko yang dijamin oleh asuransi mikro brins Kerusakan Tempat Usaha (KTU) bins,asuransi mikro brins Kerusakan Tempat Usaha (KTU) di brins bisa kasih jaminan risiko apa saja,risiko kerusakan seperti apa yang dijamin oleh asuransi mikro brins Kerusakan Tempat Usaha (KTU) di brins,asuransi mikro brins Kerusakan Tempat Usaha (KTU) di brins oto itu bisa memberikan jaminan untuk risiko kerusakan yg spt apa ya,mau tau dong risiko apa saja yang dijamin oleh brins dengan asuransi mikro brins Kerusakan Tempat Usaha (KTU),hey asuransi mikro brins Kerusakan Tempat Usaha (KTU) di brins bisa kasih saya jaminan risiko apa saja,jaminan risiko apa aja yang bisa saya dapat dari asuransi mikro brins Kerusakan Tempat Usaha (KTU) di brins,risiko kerusakan yang seperti apa yang bisa dijamin oleh asuransi mikro brins Kerusakan Tempat Usaha (KTU) di brins,jaminan resiko kerusakan diri yg seperti apa yang bisa diberikan oleh asuransi mikro brins Kerusakan Tempat Usaha (KTU) brins,asuransi mikro brins Kerusakan Tempat Usaha (KTU) di brins bisa kasih jaminan risiko untuk kerusakan tempat usaha yg seperti apa,asuransi mikro brins Kerusakan Tempat Usaha (KTU) di brins bisa kasih jaminan risiko apa saja to,apa jaminan risiko yg saya dapatkan dengan asuransi mikro brins Kerusakan Tempat Usaha (KTU) BRINS?,saya dapat jaminan risiko apa saja ya dengan asuransi mikro brins Kerusakan Tempat Usaha (KTU) di brins,di asuransi mikro brins Kerusakan Tempat Usaha (KTU) yg dimiliki brins jaminan risiko yang bisa saya dapatkan apa saja ya,jaminan risiko yang seperti apa yang didapatkan jika saya memiliki asuransi mikro brins Kerusakan Tempat Usaha (KTU) di BRINS,sebagai pengguna asuransi mikro brins Kerusakan Tempat Usaha (KTU) di brins jaminan risiko seperti apa yang dicover oleh brins,asuransi mikro brins Kerusakan Tempat Usaha (KTU) brins bisa cover jaminan risiko apa saja ya,jaminan risiko yang tercover oleh asuransi mikro brins Kerusakan Tempat Usaha (KTU) apa saja ya,jaminan risiko kerusakan tempat usaha yg spt apa yg bisa dicover sama asuransi mikro brins Kerusakan Tempat Usaha (KTU),emg asuransi mikro brins kerusakaan tempat usaha (ktu) di brins bisa kasih jaminan risiko apa saja,asuransi mikro brins Kerusakan Tempat Usaha (KTU) di brins memberikan penawaran jaminan risiko apa aja emgnya,jaminan risiko kerusakan apa saja yg bisa diterima oleh tempat usaha saya jika saya menggunakan asuransi mikro brins Kerusakan Tempat Usaha (KTU) brins,kalau terjadi kerusakan trhdp usaha saya maka jenis kerusakan seperti apa yg bisa dicover KTU di brins?,asuransi mikro brins Kerusakan Tempat Usaha (KTU) oleh brins bisa kasih jaminan risiko apa sih buat saya,,,,
intpo4qtjo4ax6cnen,root,usr.insurance_excluded_damage_to_business_premises,"Risiko yang dikecualikan dalam Asuransi mikro BRINS Kerusakan Tempat Usaha adalah sbb :<BR>- Musibah\/Bencana alam disebabkan selain risiko yang disebutkan<BR>- Kesengajaan Tertanggung<BR>- Mengajukan dokumen atau alat bukti palsu<BR>- Usaha yang diasuransikan termasuk usaha yang tidak memiliki izin usaha atau kegiatan yang melanggar hukum termasuk : transaksi terkait narkoba, perdagangan manusia, pornografi, perjudian atau lainnya.<BR>- Kerusakan tempat usaha yang besar kerusakannya belum mencapai 50% dari kerusakan total property tersebut.","wording harus nya ""Musibah/Bencana alam ..."" tp di v2 nya ""Musibah\/Bencana alam ...""
https://im.ge/i/qRsPE1",kalo risiko yg dikecualikan ada gak dalam asuransi mikro brins kerusakan tempat usaha,untuk asuransi mikro brins kerusakan tempat usaha apakah ada risiko yg dikecualikan,untuk asuransi mikro brins KTU ada ga pengecualian jaminan resiko terhadap kerusakan tempat usaha,apakah ada pengecualian resiko kerusakan untuk asuransi mikro brins kerusakan tempat usaha,halo mimin kalau pengecualian resiko kerusakan pake asuransi mikro brins kerusakan tempat usaha ktu apa ya?,apakah ada jenis resiko kerusakan yang dikecualikan dalam asuransi mikro brins kerusakan tempat usaha tu?,jenis resiko yg dikecualikan dalam asuransi mikro brins kerusakan tempat usaha tu apa aja ya,jenis jenis risiko yg dikecualikan apa saja ya dalam asurasi mikro brins kerusakan tempat usaha,apa aja sih jenis resiko yg dikecualikan dalam asuransi mikro brins kerusaan tempat usaha,resiko kerusakan tempat usaha spt apa yg dikecualikan dalam asuransi mikro brins,pengecualian jenis kerusakan dalam asuransi mikro brins kerusakan tempat usaha,resiko apa aja yg dikecualikan dalam asuransi mikro brins Kerusakan Tempat Usaha,halo ada ga sih pengecualian resiko untuk asuransi mikro brins kerusakan tempat usaha,apakah bener ada pengecualian resiko untuk asuransi mikro brins kerusakan tempat usaha,bener ga sih ada pengecualian resiko utk asuransi mikro brins kerusakan tempat usaha,kamu tau ga jenis jenis pengecualian resiko jk menggunakan asuransi mikro brins tempat usaha,"dengan asuransi mikro brins kerusakan tempat usaha, apa saja pengecualian resikonnya",pengecualian resiko untuk asuransi mikro brins kerusakan tempat usaha apa saja ya,pengecualian jenis resiko dengan asuransi mikro brins kerusakan tempat usaha terdiri dari apa saja,resiko yg dikecualikan dalam asuransi mikro brins KTU itu ada ga?,hey ada gak sih min resiko yg dikecualikan untuk asuransi mikro brins kerusakan tempat usaha,apa saja resiko kerusakan tempat usaha yg dikecualikan di dalam asuransi mikro brins KTU ini?,memang adakah resiko kerusakan tempat usaha yg dikecualikan  di dalam asuransi mikro brins KTU,ada atau tidak ya resiko kerusakan tempat usaha yg tidak bisa ditanggung oleh asuransi mikro brins KTU,ada ga jenis resiko kerusakan tempat usaha yg ga bisa ditanggung oleh asuransi mikro brins KTU,asuransi mikro brins KTU itu tidak bisa menanggung jenis resiko kerusakan yg spt apa ya,jenis kerusakan y spt apa yg dikecualikan dalam asuransi mikro brins KTU,jenis jenis risiko yg dikecualikan dalam asuransi mikro brins kerusakan tempat usaha adalah,apakah kamu tahu jenis resiko kerusakan yg spt apa yg tidak ditanggung atau dikecualikan oleh asuransi mikro brins KTU,asuransi mikro brins KTU ini tidak bisa digunakan untuk jenis resiko kerusakan yg spt apa ya?,asuransi mikro KTU brins tidak bisa digunakan untuk jenis resiko kerusakan yg bentuknya seperti apa,apa saja jenis resiko yg dikecualikan oleh asuransi mikro brins kerusakan tempat usaha,jenis resiko yg dikecualikan dalam asuransi mikro brins KTU itu terdiri dari apa saja ya,asuransi mikro brins itu memberikan pengecualian terhadap jenis resiko yg seperti apa,jenis resiko yg seperti apa yg diberikan pengecualian oleh asuransi mikro brins KTU,apa risiko risiko yg dapet pengecualian dari asuransi mikro brins kerusakan tempat usaha,asuransi kerusakan tempat usaha memberikan pengecualian terhadap jenis resiko yg seperti apa memangnya?,aku mau tau asuransi mikro brins atau asuransi kerusakan tempat usaha itu memberikan pengecualian terhadap jenis resiko yg kyk gmn,jenis resiko apa saja yg diberikan pengecualian oleh asuransi brins mikro kerusakan tempat usaha,asuransi brins KTU mikro tidak menjamin jenis resiko apa saja,apa saja jenis resiko yg tidak dijamin oleh asuransi brins mikro kerusakan tempat usaha,asuransi kerusakan tempat usaha itu ga ngasih jaminan untuk resiko yg seperti apa,memangnya asuransi kerusakan tempat usaha itu ga kasih jaminan buat resiko yg kyk apa aja ya,resiko apa saja yg tidak dicover oleh asuransi mikro brins kerusakan tempat usaha,asuransi mikro brins KTU itu tidak mengcover jenis resiko yg seperti apa ya,apa saja jenis resiko yg tidak dicover dalam asuransi mikro brins kerusakan tempat usaha,,,,
intbsu9vbwwin36zc8,root,usr.insurance_products_protect_residential_homes,BRINS memiliki produk untuk asuransi rumah tinggal bagi segmentasi mikro yaitu asuransi mikro BRINS Rumahku.,,apa ya produk untuk asuransi rumah tinggal?,saya mau tau apakah brins memiliki produk untuk asuransi rumah tinggal?,di brins apakah ada produk untuk asuransi rumah tinggal?,di brins tu ada produk untuk asuransi rumah tinggal ga ya,info dong brins punya produk untuk asuransi rumah tinggal ga ya?,apakah iya brins punya produk untuk asuransi rumah tinggal?,apa benar BRINS memiliki produk asuransi untuk melindungi rumah tinggal bagi segmentasi mikro?,bisa beri tau saya produk asuransi untuk melindungi rumah tinggal?,kalau boleh tau apakah brins memiliki produk asuransi untuk melindungi rumah atau tempat tinggal bagi segmentasi mikro?,jenis produk asuransi dari BRINS yg memberikan asuransi untuk rumah atau tempat tinggal itu ada ga ya?,produk brins untuk asuransi rumah tinggal itu bagi segmentasi mikro itu apa ya?,apakah brins memiliki produk asuransi rumah tinggal bagi segmentasi mikro?,apakah BRINS menyediakan asuransi rumah tinggal bagi segmentasi mikro?,brins tuh nyediain asuransi untuk tempat tinggal tidak ya?,apakah tersedia produk asuransi rumah tinggal di BRINS?,brins nyediain asuransi rumah tinggal tidak ya?,apakah kamu tahu brins memiliki produk asuransi perlindungan tempat usaha mikro ga ya?,kamu tau ga di brins ada asuransi rumah tinggal atau tidak ya,apakah bri inscurence memiliki asuransi rumah tinggal,bri insurence punya asuransi rumah tinggal ga ya?,apakah bri insurennce menyediakaan asuransi untuk rumah tinggal?,untuk asuransi rumah tinggal bagi segmentasi mikro apakah tersedia di brins?,asuransi rumah tinggal di bri insurence apakah tersedia,apakah tersedia asuransi rumah tinggal di bri insurence,tolong konfirmasi apakah brins memiliki asuransi rumah tinggal,asuransi rumah tinggal ini ada di brins atau tidak ya mimin,saya mau bertanya apakah brins memiliki tipe asuransi untuk rumah tinggal,perlu konfirmasi apakah brins memiliki paket asuransi untuk rumah tinggal,saya mau tahu di brins itu ada produk asuransi untuk rumah tinggal ga ya,asuransi rumah tinggal di brins itu ada kan ya?,brins itu punya asuransi rumah tinggal kan ya?,kalau saya tidak salah brins itu memiliki asuransi rumah tinggal apakah benar,apakah benar jika brins memiliki produk asuransi rumah tinggal,apa iya brins punya produk asuransi melindungi rumah tinggal segmentasi mikro,untuk asuransi melindungi rumah tinggal segmentasi mikro,setahu saya brins tuh punya produk asuransi rumah tinggal segmentasi mikro,apakah jika brins memiliki produk asuransi rumah tinggal,untuk asuransi rumah tinggal di brins itu benar adanya atau tidak ya,paket asuransi rumah tinggal di brins,brins menyediakan paket asuransi rumah tinggal ga sih?,brins punya paket asuransi rumah tinggal ga ya?,kamu pasti tahu apakah brins memiliki produk asuransi rumah tinggal,asuransi rumah tinggal di brins itu benar kan ya mimin?,untuk paket asuransi rumah tinggal apakah juga tersedia di brins,apakah brins juga menyediakaan asuransi rumah tinggal untuk konsumernya,apakah juga tersedia asuransi rumah tinggal untuk konsumen brins?,,,,
inthhneigwp443ijzw,root,usr.claim_submission,Pengajuan Klaim dan informasi klaim bisa disampaikan ke :<BR>Call Center : 14081 Atau dapat menghubungi cabang BRINS terdekat,,informasi pembayaran klaim ?,seandainya mobil mogok tanpa accident apakah bisa diproses?,bisa pilih bengkel ?,pada hari libur bisakah klaim asuransi ?,proses klaim berapa lama?,hari libur bisa klaim asuransi?,ketika libur bisa klaim asuransi ga?,apakah ketika libur bisa klaim asuransi?,klaim asuransi ketika libur bisa?,kamu tau ga cara untuk ngajuin klaim gmn?,ajuin klaim gmn ya?,cara untuk mengajukan klaim dong,informasi cara untuk mengajukan klaim,plis kasih tau cara untuk mengajukan klaim?,proses klaim brp lama sih kak?,proses klaim brp lama sih?,saya mau tanya klaim brp lama ya?,proses klaim itu brp lama?,cek status klaim caranya gmn sih?,cara-cara untuk cek status klaim gmn ya?,informasi cek status klaim dong,dokumen untuk oengajuan klaim apa aja?,kalo mau ngajuin klaim apa aja ya dokumennya?,dokumen untuk mengajukan klaim apa aja?,bisa kasih tau apa aja dokumen pengajuan klaim?,untuk mengajukan klaim apa aja ya syarat dokumennya?,dokumen untuk syarat pengajuan klaim?,dokumen apa yang dibutuhkan untuk pengajuan klaim?,untuk pengajuan klaim apa aja nih dokumennya?,dokumen untuk pengajuan klaim dong,"saya bisa tahu, apa saja dokumen untuk pengajuan klaim?","apakah kamu tahu, apakah dokumen yang dibutuhin untuk pengajuan klaim?",mau klaim asuransi,informasi klaim asuransi?,bagaimana cara untuk klaim asuransi,bagaimana sih cara untuk klaim asuransi?,untuk klaim asuransi caranya gmn?,apakah bisa klaim jika mobil macet tanpa accident?,kalo klaim mobil mogok tanpa accindent bisa?,bisa ga sih kalo klaim mobil mogok tanpa accident?,ketika klaim mobil mogok tanpa accident bisa?,kalo klaim bisa pilih bengkel?,pas klaim bisa pilih bengkel ga?,apakah ketika klaim bisa pilih bengkel,klaim bisa pilih bengkel?,pilih bengkel ketika klaim,,,,
intfei46hyxy5uyfpi,root,usr.gcg_in_brins,"BRI Insurance sebagai perusahaan asuransi telah melaksanakan dan menerapkan Tata Kelola Perusahaan yang Baik (Good Corporate Governance) sejak tahun 1999, perseroan dikelola secara profesional, efisien dan efektif guna memiliki daya saing yang kuat utk kepentingan perusahaan dan stakeholders .",,di brins melaksanakan gcg ga?,emangnya di brins melaksanakan gcg?,untuk brins melaksanakan gcg ga?,brins melakukan gcg ga sih?,apa brins melaksanakan gcg?,apakah gcg diterapkan di brins?,apakah brins menerapkan gcg?,untuk brins bisa menerapkan gcg ga ya?,bisa kasih tahu brins menerapkan gcg ga ya?,"saya mau tanya, aakah brins menerapkan gcg?",kalo brins merapkan gcg ga?,brins menerapkan gcg ga sih?,apakah gcg di terapkan di brins?,kamu tahu ga kalo brins di terapkan di gcg?,gcg itu di terapkan di brins?,emangnya gcg di terapkan di brins?,brins menerapkan gcg kan ya?,kalo gcg di terapkan kan ya di brins?,brins tuh mereapkan gcg kan?,pasti brins menerapkan gcg kan?,brins melaksanakan gcg kan ya?,gmn Good Corporate Governance di brins,di brins ada Good Corporate Governance gak,brins apakah melaksanakan Good Corporate Governance?,apakah ada Good Corporate Governance di brins?,di brins melaksanakan Good Corporate Governance ga?,emangnya di brins melaksanakan Good Corporate Governance?,untuk brins melaksanakan Good Corporate Governance ga?,brins melakukan Good Corporate Governance ga sih?,apa brins melaksanakan Good Corporate Governance?,apakah Good Corporate Governance diterapkan di brins?,apakah brins menerapkan Good Corporate Governance?,untuk brins bisa menerapkan Good Corporate Governance ga ya?,bisa kasih tahu brins menerapkan Good Corporate Governance ga ya?,"saya mau tanya, aakah brins menerapkan Good Corporate Governance?",kalo brins merapkan Good Corporate Governance ga?,brins menerapkan Good Corporate Governance ga sih?,apakah Good Corporate Governance di terapkan di brins?,kamu tahu ga kalo brins di terapkan di Good Corporate Governance?,Good Corporate Governance itu di terapkan di brins?,emangnya Good Corporate Governance di terapkan di brins?,brins menerapkan Good Corporate Governance kan ya?,kalo Good Corporate Governance di terapkan kan ya di brins?,brins tuh mereapkan Good Corporate Governance kan?,pasti brins menerapkan Good Corporate Governance kan?,brin melaksanakan Good Corporate Governance kan ya?,,,,
int9h6hn0sp5pggoan,root,usr.how_to_report_wbs,"BRI Insurance telah memiliki sistem pengaduan yang tanggap, transparan, aman dan bertanggung jawab sebagai sarana media pelaporan apabila terjadi pelanggaran",,untuk lapor wbs caranya gmn?,apakah kamu tahu cara lapor wbs gmn?,apakah saya boleh tahu bagaimana cara untuk lapor wbs?,lapor wbs caranya bagaimana sih?,bisa tahu cara lapor wbs gmn?,lapor wbs gmn sih caranya?,informasi cara laporin wbs,untuk lapor wbs bagaimana sih?,saya penesaran cara untuk lapor wbs,saya ada pengaduan wbs caranya gmn?,pengaduan wbs gmn caranya?,pengaduan wbs gmn sih caranya?,bagaimana pengaduan wbs?,pengaduan wbs,pengaduan wbs itu caranya gmn?,pengaduan wbs caranya gmn ya?,apakah kamu tahu cara untuk pengaduan wbs?,cara untuk pengaduan wbs gmn sih?,"saya mau tanya, cara2 untuk pengaduan wbs gmn ya?",apa kamu tahu cara untuk pengaduan wbs gmn?,"saya pengen tahu, bagaimana sih cara untuk pengaduan wbs?",apakah di brins ada wbs?,di brins ada wbs ga sih?,apakah kamu tahu di brins ada wbs?,"saya mau tanya, apakah di brins ada wbs",brins ada wbs ga sih?,apa iya di brins ada wbs?,kalo boleh tahu di brins ada wbs ga ya?,brins tuh ada wbs ga sih?,bisa beri tahu brins ada wbs ga sih?,"saya mau tanya, apakah brins ada wbs?",saya ingin melaporkan kendala wbs saya,apakah bisa melaporkan kendala wbs saya?,kalo melaporkan kendala wbs saya bisa?,"kamu tau ga, apakah bisa melaporkan kendala wbs saya?",untuk melaporkan kendala wbs bisa kan?,melaporkan kendala wbs apakah bisa?,apakah BRI insurance ada sistem pengaduan?,apakah bri insurance ada sistem untuk pengaduan kendala?,pengaduan BRI insurance,BRI insurance bisa untuk pengaduan kan?,pengaduan terkait bri insurance,pengaduan bri insurance gmn ya?,saya ingin mengadukan kendala bri insirance gmn ya caranya?,caranya gmn kalo ada pengaduan bri insurance?,untuk pengaduan kendala bri insurance gmn ya cara2nya?,,,,
int3rhn4ik7lifs478,root,usr.contact_wbs,Sarana pelaporan WBS melalui email @brins.co.id) dan SMS \/ Whatsapp ke nomor 0811 1950 8899,"wording kurang tanda /
https://im.ge/i/qRDq00 ",laporan wbs kirim kmn?,kemana saya bisa lapor wbs?,untuk wbs lapornya kmn ya?,apakah kamu tahu untuk lapor wbs itu kmn?,bisakah kamu kasih tahu untuk lapor wbs itu kmn?,"saya mau tanya, apakah kamu bisa kasih tahu lapor wbs kmn?",lapor wbs itu kmn sih?,bisa kan kasih tau lapor wbs kmn?,informasi lapor wbs dong,lapor wbs kirimnya kmn sih?,"saya ada laporan wbs nih, harus kmn?",apa kamu bisa kasih tahu laporan wbs kemana?,bisa kasih kontak wbs ga?,saya butuh kontak wbs?,apakah bisa kirimkan kontak wbs?,saya bisa tahu kontak wbs?,kontak wbs bisa kirimkan?,apakah kamu tahu kontak wbs?,kirimkan kontak wbs dong,kontak wbs,contact wbs,ada nmr wbs yang bisa dihubungi?,adakah kontak wbs?,saya perlu kontak wbs,kotak wbs bisa kasih tahu?,info kontak wbs?,kontak wbs dong,ada nmr wbs ga?,saya perlu nmr wbs,apakah kamu ada nmr wbs?,saya perlu nmr wbs?,ada nmr wa wbs?,saya perlu nmr wa wbs,apakah ada nmr whatsapp wbs?,saya ingin tahu nmr whatsapp wbs,kirimin nmr whatsapp wbs dong,apakah blh tahu nmr whatsapp wbs?,nmr whatsapp wbs dong,email wbs,apakah email wbs?,kirimkan email wbs dong,boleh kasih tahu email wbs,apa sih wmail wbs?,kirimin email wbs dong,saya ada laporan wbs bisa kirim email ga?,saya bisa lapor wbs ke email?,,,,
intlwho4ud0w88tip3,root,usr.slogan_wbs,"Slogan WBS BRI Insurance, hayoo berani lapor!!",,kalo slogan dari wbs apa ya?,apakah tahu slogan dari wbs apa?,kamu tahu ga sih slogan dari wbs apa?,slogan wbs tuh apa sih?,apakah kamu tahu slogan dari wbs apa?,slogan wbs bri dong,apakah kamu bisa beri tahu saya slogan wbs?,slogan wbs,slogan wbs bri,apa slogan wbs?,saya pengen tahu slogan wbs apa?,kalo slogan wbs bri insurence apaan sih?,beritahukan saya slogan wbs,slogan wbs bri insurance dong,kamu bisa beritahu saya slogan wbs bri ga?,informasi slogan wbs,info slogan wbs dong,kalo boleh tahu slogan wbs apa ya?,"saya mau tanya, slogan wbs itu apa ya?",apakah kamu bisa kasih tahu slogan wbs itu apa?,berikan saya info tentang slogan wbs,bagaimana slogan wbs?,slogan wbs gmn?,hayo gmn slogan wbs?,kamu pasti tahu slogan wbs gmn?,slogan wbs bagaimana kak?,kak untuk slogan wbs bagaimana?,untuk slogan wbs itu gmn ya?,slogan wbs gmn nih?,saya mau dengar slogan wbs,bisa tahu slogan wbs gmn?,slogan wbs bri insurance dong kak,slogan wbs bri insuransi gimana nih?,apakah kamu tahu slogan wbs bri insurance?,slogan wbs bri insurance bisa kirim?,bisa kirim slogan wbs bri insurance?,slogannya wbs gmn sih?,bagaimana ya slogan wbs itu?,gimana sih slogan wbs kak?,slogan wbs gimana hayo?,saya mau tahu slogan wbs kak,slogan wbs bagaimana?,info dong slogan wbs gmn ya?,slogan wbs bri insurance apa?,apa slogan wbs bri?,apa sih slogan wbs bri?,,,,
intu7dif2my5e7a38x,root,usr.culture_of_obedience_in_brins,"BRI Insurance telah memiliki kebijakan-kebijakan tentang budaya kepatuhan antara lain kebijakan pengendalian gratifikasi, kebijakan APU PPT, kebijakan penanganan benturan kepentingan, dan lain-lain",,"boleh tanya, apakah ada budaya kepatuhan di brins?",budaya kepatuhan di brins ada?,ada budaya kepatuhan di brins?,budaya kepatuhan di brins ada kan ya?,untuk budaya kepatuhan di brins apakah di terapkan? Boleh kasih tahu?,brins menerapkan budaya kepatuhan?,apa brins menerapkan budaya kepatuhan ya?,apa brins menerapkan budaya kepatuhan?,budaya kepatuhan di terapkan di brins kan?,brins menerapkan budaya kepatuhan kan?,apakah brins menerapkan budaya kepatuhan?,apa brins nerapin budaya kepatuhan,di brins nerapin budaya kepatuhan kan ya?,bisa kasih tahu apakah di brins nerapin budaya kepatuhan?,budaya kepatuhan dterapkan tidak di brins ya?,di brins budaya kepatuhan di terapkan tidak?,kalo di brins budaya kepatuhan di terapkan ga sih?,"boleh kasih tahu, apakah di brins nerapin budaya kepatuhan?","saya penasaran, apakah di brins menerapkan budaya kepatuhan?",budaya kepatuhan itu di terapkan di brins tidak?,apakah di brins nerapin budaya kepatuhan?,untuk budaya kepatuhan apa di terapkan di brins?,apa brins menerapkan budaya kepatuhan kah?,apa brins melakukan budaya kepatuhan?,"saya mau tanya, apa brins melakukan budaya kepatuhan?",budaya kepatuhan dilakukan di brins ga?,budaya kepatuhan dilaksanakan di brins kan ya?,"boleh tahu, apa iya budaya kepatuhan dilakukan di brins?",di brins itu lakukan budaya kepatuhan ga sih?,"saya pengen tahu, apakah budaya kepatuhan di terapin di brins?",brins melakukan budaya kepatuhan ga sih?,brins lakuin budaya kepatuhan kan?,ada kebihakan budaya kepatuhan ga di brins?,kebijakan budaya kepatuhan di brins,apakah ada kebijakan budaya kepatuhan di brins?,di brins itu ada budaya kepatuhan ga sih?,kalo di brins ada budaya kepatuhan ga sih?,"bisa kasih tahu, apakah ada budaya kepatuhan dia brins?",di brins ada budaya kepatuhan kan ya?,adakah budaya kepatuhan di brins?,untuk budaya kepatuhan adakah di brins?,di brins itu ada budaya kepatuhan kan?,kebijaka2 budaya kepatuhan di brins,apakah ada kebijakan budaya kepatuhan di brins kak?,hai kan bdaya kepatuhan di brins apakah ada?,"halo, apakah kebijakan budaya kepatuhan ada di brins?",,,,
intor8fid44ck4xv50,root,usr.apu_ppt_in_brins,APU PPT adalah Anti Pencucian Uang dan Pencegahan Pendanaan Terorisme. BRI Insurance melaksanakan pedoman APU PPT dengan melakukan penerapan dan sosialisasi utk dilaksanakan oleh setiap unit kerja,,apakah brins menepkan apu ppt?,apu ppt di brins di terapkan tdk?,apakah kalo di brins apu ppt di terapkan?,kamu tahu ga kalo di brins meberapkan apu ppt ga ya?,apu ppt di terapkan tdk sih di brins?,kalo di bri insurance apu ppt pasti diterapkan kan?,pasti di bri insurance diterapkan apu ppt kan?,apakah bri insurance menerapkan apu ppt? bisa beritahukan saya,apu ppt itu diterapkan ga sih di bri insurance?,saya pensaran apakah apu ppt diterapkan di bri insurance?,bri insurance menerapakan apu ppt kan ya?,kalau bri insurance terapkan apu ppt ga ya?,bri insurance terapkan apu ppt?,bri insurance terapkan apu ppt ga sih?,bisa kasih tahu apakah bri insurance terapkan apu ppt atau tdk?,apakah brins melaksanakan apu ppt?,kalo brins itu melaksanakan apu ppt ga ya?,"saya mau tanya, apakah brins melaksanakan apu ppt?",apu ppt dilaksanakan ga sama brins?,brins melaksanakan apu ppt kan ya?,kalo boleh tahu apakah brins melaksanakan apu ppt?,kalo brins melaksanakan apu ppt tdk?,brins laksanakan apu ppt tdk?,apakah brins laksanakan apu ppt?,laksanakan apu ppt kan kalo bri insurance?,bri insurance laksanakan apu ppt ga sih?,kamu tahu ga bri insurance itu laksanakan apu ppt ga?,saya bisa tahu apakah bri insurance laksanakan apu ppt apa nggk?,apakah bri insurance melaksanakan apu ppt atau nggk?,apu ppt dilaksanakan oleh bri insurance kan ya?,pasti bri insurance laksanakan apu ppt kan?,bri insurance melaksanakan apu ppt ga sih?,bri insurance apakah melaksanakan apu ppt?,apu ppt dilaksanakan oleh bri insurance ga ya?,apu ppt apaan ya?,maksudnya apu ppt apa?,kalo boleh tahu apu ppt itu apaan sih?,kamu tahu ga apu ppt itu apa?,apu ppt yaitu?,pengertian apu ppt,pengertian apu ppt apa sih?,saya mau tahu arti apu ppt?,jelaskan apu ppt itu apa?,apu ppt itu apa?,apu ppt,apu ppt artinya?,,,,
int046rpf171ovty0k,root,usr.islamic_insurance_definition,penutupan Asuransi yang dikelola berdasarkan berdasarkan prinsip syariah dengan konsep usaha saling melindungi dan tolong menolong diantara sejumlah Peserta untuk menghadapi risiko tertentu melalui akad (perikatan).,,asuransi syariah itu ap? Bisa dijelaskan?,pingin tau asuransi syariah dong,sy ingin tau apa itu asuransi syariah,apa itu asuransi syariah?,tolong jelaskan asuransi syariah,menurut kamu asuransi syariah itu apa?,gmn sih asuransi syariah itu?,apa sih asuransi syariah?,km tau gak apa itu asuransi syariah,beri tau aku apa itu asuransi syariah,asuransi syariah itu buat apa?,kayak gmn sih asuransi syariah?,asuransi syariah itu apa sih?,bisa dijlaskan apa itu asuransi syariah?,asuransi syariah itu maksudnya gmn sih,nanya dong asuransi syariah itu apa,aku mau tanya asuransi syariah dong,coba jelasin asuransi syariah,mau tau tentang asuransi syariah,bagaimana konsep dari asuransi syariah?,Tolong jelaskan apa itu asuransi syariah,asuransi syariah??,asuransi syariah tu kayak gmn?,jelaskan apa yang dimaksud asuransi syariah,emang asuransi syariah syariah itu apa?,kasih tau suransi syariah dong,asuransi syariah maksudnya?,kamu tau nggak asuransi syariah itu apa,maksudnya asuransi syariah itu apa sih,informasi asuransi syariah dong,ada info untuk asuransi syariah?,pingin tau dong asuransi syariah itu apa,apakah kamu bisa menjelaskan tentang asuransi syariah?,boleh kah aku lihat pengertian asuransi syariah?,bagaimana asuransi syariah tersebut beroperasi?,aku mau tau apa itu asuransi syariah?,aku tanya tentang asuransi syariah dong,sebenernya asuransi syariah itu apa sih?,mau lihat asuransi syariah dong,aku penasaran deh apa itu asuransi syariah?,jelasin asuransi syariah dong,bantu jelasin dong maksud asurasi syairah itu apa,bisa kasih tau aku apa itu asuransi syariah?,kayak apasih asuransi syariah itu?,berikan saya pengertian tentang asuransi syariah,"aku ingin tau mengenai asuransi syariah lebih dalam, tolong jelasin dong",,,,
intxfuaneir5p0o0aa,root,usr.the_meaning_of_ujroh,adalah fee atau upah yang diberikan kepada entitas asuransi umum syariah atas jasa entitas asuransi umum syariah dalam mengelola dana tabarru&amp;#039; Peserta,,kayak gimana sih ujroh dalam asuransi syariah?,bisa dijelaskan apa itu ujroh?,ujroh maksudnya?,ujrohh adalah..,aku tanya tentang ujroh dong,gimana sih ujroh itu?,aku mau tau dong ujroh itu apa,kamu tau nggak apa itu ujroh?,ujroh itu maksudnya apa sih,beri tau aku pengertian ujroh,ujroh??,coba jelasin apa itu ujroh,aku mau tau tentang ujroh dong,nanya dong ujroh itu apa,"mau tanya, apasih ujroh itu?",boleh tau enggak ujroh itu apa?,apasih yang dimaksud ujroh?,"aku ada pertanyaan dong, ujroh itu apa?",menurutmu ujroh itu apa,emng ujroh tu apa sih,kira kira menurutmu ujroh itu apa?,kasih tau dong ujroh itu apa?,informasi tentang ujroh dong,pingin tau ujroh itu apa,kamu bisa njelasin tentang ujroh enggak?,apakah kamu bisa menjalaskan pengertian ujroh?,ada info tentang ujroh nggak?,bolehkah aku lihat pengertian ujroh?,tolong jelasin ujroh dong,mau lihat pengertian ujroh dong,saya mau tau pengertian ujroh ya,gimana ya pengertian ujroh?,kamu bisa menjelaskan ujroh?,bisakah kamu menjelaskan kepada saya pengertian ujroh?,"boleh tau, pengertian ujroh itu apa?",tau nggak ujroh itu apa?,ujroh apaan sih ya,aku boleh tanya nggak perngertian ujroh?,aku mau tau lebih dalam tentang ujroh dong,jelasin ujroh,ujroh tu kayak gimana,aku mau tanya pengertian ujroh itu apa?,bisa kasih tau aku pengertian ujroh?,minta tolong jelasin pengertian ujroh,gimana cara kerja ujroh,berikan saya pengertian tentang ujroh,,,,
intn9yutlsyq8p4ipt,root,usr.meaning_of_tabarru,"adalah dana tolong-menolong yang dihibahkan oleh Peserta \/ Nasabah untuk dikelola oleh Pengelola \/ Perusahaan sebagai dana untuk mengganti kerugian, kerusakan, dan\/atau kehilangan keuntungan yang diharapkan atau tanggung jawab hukum kepada PIHAK KETIGA yang mungkin diderita oleh Peserta \/ Nasabah dalam masa periode polis asuransi","wording kurang tanda /
https://im.ge/i/qR7XzJ",aku ingin tahu pengrtian tabarru dong,sebenarnya apa yang dimaksud tabarru itu?,bisa dijelaskan apa yang dimaksud tabarru?,tabarru artinya...,apa yang disebut tabarru,tabarru adalah...,aku tanya dong tabarru itu apa,aku mau tau dong pengertian tabarru,tabarru apaan sih?,kamu tau nggak tabarru itu apa?,tabarru tu maksudnya apa sih,kasih tau aku pengertian tabarru dong,tolong beri tau aku pengertian tabarru,nanya dong tabarru itu apa,aku mau tanya tentang tabarru dong,boleh tau gk tabarru itu apa?,apasih yang dimaksud tabarru?,kamu tau ga tabarru itu apa,emang tabarru itu apa sih?,"aku ada pertanyaan nih, tabarru itu apa?",menurutmu tabarru itu apa?,tabarru??,pengen tahu tabarru itu apa,kira kira tabarru itu apa?,kasih tau dong apa itu tabarru,informasi tentang ujroh dong,info dong apa yang dimaksud tabarru,kamu bisa menjelaskan tentang tabarru gk?,apakah anda bisa menjelaskan tentang tabarru?,ada info tentang tabarru gk?,bolehkah aku lihat pengertian tabarru?,tolong jelasin tentang tabarru dong,lihat pengerrtian tabarru dong,saya mau tahu pengertian tabarru,apakah kamu dapat menejelaskan tabarru?,Pengertian tabarru yaitu,bisakah kamu menjelaskan kepada saya fungsi dari tabarru,tau gak tabarru itu apa?,tabarru apaan sih ya,aku boleh tanya ga pengertian tabarru,aku mau tau lebih dalam tentang tabarru dong,tabarru itu kayak gimana?,kayak gimana sih tabarru itu?,bisa kasih tau aku apa itu tabaru?,bagaimana cara keja tabarru?,minta tolong jelasin pengertian tabarru dong,,,,
intjge205gc0swvq42,root,usr.the_meaning_of_wakalah,adalah perjanjian asuransi mengenai pelimpahan kekuasaan oleh Pemegang Polis\/Nasabah kepada Perusahaan Asuransi untuk mengelola dana yang akan digunakan sebagai dana tolong menolong untuk Peserta yang mengalami musibah akibat risiko yang telah diperjanjikan sebelumnya dalam Polis.,"wording kurang tanda /
https://im.ge/i/qRacFY",apasih Akad Wakalah itu?,sebenarnya apa yang dimaksud Akad Wakalah itu?,bisa dijelaskan apa yang dimaksud Akad Wakalah?,Akad Wakalah artinya,apa yang disebut Akad Wakalah?,Akad Wakalah itu apa ya?,aku tanya dong Akad Wakalah itu apa,aku mau tau dong pengertian Akad Wakalah,Akad Wakalah itu apaan sih?,kamu tau ga Akad Wakalah itu apa?,Akad Wakalah tu maksudnya apa sih,Kasih tau aku pengertian Akad Wakalah dong,tolong beri tahu aku pengertian Akad Wakalah,nanya dong Akad Wakalah itu apa,aku mau tanya tentang Akad Wakalah dong,boleh tau ga Akad Wakalah itu apa?,apa sih yang dimaksud Akad Wakalah?,kamu tau ga Akad Wakalah itu apa,emang Akad Wakalah itu apa sih?,"aku ada pertanyaan nih, Akad Wakalah itu apa?",menurut kamu Akad Wakalah itu apa?,Akad Wakalah??,pengen tahu Akad Wakalah itu apa,"hallo kak, Akad Wakalah itu apa ya?",kasih tau dong apa itu Akad Wakalah,informasi tentang Akad Wakalah dong,info  dong apa yang dimaksud Akad Wakalah,kamu bisa menjalaskan tentang Akad Wakalah gak?,apakah anda bisa menjelaskan tentang Akad Wakalah?,ada info tentang Akad Wakalah ga?,bolehkah aku lihat pengertian Akad Wakalah?,tolong jelasin tentang Akad Wakalah dong,lihat pengerrtian Akad Wakalah dong,saya mau tahu pengertian Akad Wakalah,apakah kamu dapat menejelaskan apa itu Akad Wakalah?,Pengertian Akad Wakalah yaitu,bisakah kamu menjelaskan kepada saya apa itu Akad Wakalah,tau gak Akad Wakalah itu apa?,Akad Wakalah apaan sih ya,aku boleh tanya ga pengertian Akad Wakalah?,aku mau tau lebih dalam tentang Akad Wakalah dong,Akad Wakalah itu kayak gimana?,kayak gimana sih Akad Wakalah itu?,bisa kasih tau aku apa itu Akad Wakalah?,"jadi, Akad Wakalah itu apa?",arti Akad Wakalah apa?,,,,
intb4rvkwibdxk4e3c,root,usr.the_meaning_of_contribution,adalah sejumlah dana tabarru yang dibayarkan oleh Peserta \/ Nasabah kepada Pengelola \/ Perusahaan Asuransi yang terdiri dari dana tabarru dan ujrah.,"wording kurang tanda /
https://im.ge/i/qRawFS ",Kontribusi itu apa ya? bisa dijelaskan?,pingin tau Kontribusi dong,saya ingin tau apa itu Kontribusi,apa itu Kontribusi?,tolong jelaskan Kontribusi,menurut kamu Kontribusi itu apa?,gmn sih Kontribusi itu?,apa sih Kontribusi ?,km tau gak apa itu Kontribusi,beri tau aku tentang Kontribusi,Kontribusi itu buat apa?,kayak gmn sih Kontribusi?,Kontribusi tu apa sih?,"bisa dijelaskan, apa itu Kontribusi?",Kontribusi tu maksudnya gmn sih?,nanya dong Kontribusi itu apa,aku mau tanya Kontribusi dong,coba jelasin Kontribusi,mau tau tentang Kontribusi dong,"aku ada pertanyaan nih, Kontribusi itu apa?",tolong jelaskan apa itu Kontribusi,Kontribusi??,Kontribusi itu kayak gimana?,jelaskan apa yang dimaksud Kontribusi,emang Kontribusi itu apa?,kasih tau Kontribusi dong,Kontribusi maksudnya?,kamu tau nggak Kontribusi itu apa,maksudnya Kontribusi itu apa sih,informasi Kontribusi dong,ada info untuk Kontribusi?,pingin tau dong Kontribusi itu apa,apakah kamu dapat menjelaskan tentang Kontribusi?,boleh kah aku lihat pengertian Kontribusi?,boleh tau Kontribusi itu apa?,aku mau tau dong apa itu Kontribusi?,aku tanya tentang Kontribusi dong,sebenernya Kontribusi itu apa sih?,mau lihat Kontribusi dong,aku penasaran deh apa itu Kontribusi?,jelasin Kontribusi dong,bantu jelasin dong maksud Kontribusi itu apa,bisa kasih tau aku apa itu Kontribusi?,kayak apasih Kontribusi itu?,berikan saya pengertian tentang Kontribusi,"Jadi, Kontribusi itu apa?",,,,
intkkppynqlk21zqyg,root,usr.the_meaning_of_qardh,adalah pinjaman dana dari Pihak Ketiga kepada Dana Tabarru untuk menanggulangi ketidakcukupan kekayaan Dana Tabarru untuk membayar Manfaat Asuransi\/tuntutan Klaim kepada Peserta.,"wording kurang tanda /
https://im.ge/i/qRaA39 ",apa sih Qardh itu?,kamu tahu ga arti dari Qardh?,artinya Qardh apa ya?,bisa ga kamu jelaskan arti Qardh?,arti Qardh dong,pengertian Qardh apa?,apa pengertian dari Qardh?,kamu bisa kasih tau apa pengertian dari Qardh?,"saya mau tanya, apa sih pengertian dari Qardh?",saya pengen tahu pengertian dari Qardh?,Qardh,Qardh itu apaan sih?,saya pensaran arti dari Qardh,pakah kamu bisa jelaskan arti Qardh?,kamu tau kan arti dari Qardh?,bisa kasih tau tentang Qardh?,tentang Qardh,jelasin sih tentang Qardh,saya bisa kasih tahu ga terkait Qardh?,terkait Qardh,saya bingung arti dari Qardh,jelasin ya tentang Qardh,emangnya Qardh itu apa ya?,kalo Qardh itu emangnya apa?,lah kamu emang tau tentang Qardh?,halo bisa jelaskan Qardh itu apa?,"hai kak, apakah bisa jelasin terkait Qardh?",kalau Qardh itu apaan sih?,informasi tentang Qardh,info tentang Qardh,yg dimaksud dengan Qardh,ada info tentang Qardh?,untuk Qardh itu artinya apa?,ada informasi tentang Qardh?,bisa jelaskan arti dari Qardh?,arti dari Qardh?,pengertian dari Qardh?,bisa jelasin tentang Qardh?,kirimkan pengertian Qardh,kirimkan tentang Qardh dong,bisa kasih tahu pengertian dari Qardh?,saya pengen tahu tentang Qardh,kirim pengertian Qardh dong,apakah kamu tahu pengertian Qardh?,bisa ga kasih tau saya tentang Qardh?,saya butuh tahu tentang Qardh,,,,
