parent_id,id,respond,Freetext,intent_name,sample_text1,sample_text2,sample_text3,sample_text4,sample_text5,sample_text6,sample_text7,sample_text8,sample_text9,sample_text10,sample_text11,sample_text12,sample_text13,sample_text14,sample_text15,sample_text16,sample_text17,sample_text18,sample_text19,sample_text20,sample_text21,sample_text22,sample_text23,sample_text24,sample_text25,sample_text26,sample_text27,sample_text28,sample_text29,sample_text30,sample_text31,sample_text32,sample_text33,sample_text34,sample_text35,sample_text36,sample_text37,sample_text38,sample_text39,sample_text40,sample_text41,sample_text42,sample_text43,sample_text44,sample_text45,sample_text46,sample_text47,sample_text48,sample_text49,sample_text50,sample_text51,sample_text52,sample_text53,sample_text54,sample_text55,sample_text56,sample_text57,sample_text58,sample_text59,sample_text60
9,Langkah Penggunaan Barco,"Langkah Penggunaan

1. Aktifkan Base Unit:
- Hubungkan adaptor ke listrik.
- Tekan tombol standby → tunggu LED putih statis.
2. Pairing Button:
- Colok Button ke port USB-C Base Unit.
- Tunggu hingga LED Base Unit putih statis dan LED Button hijau → sukses pairing.
3. Instal ClickShare App (Jika belum ada):
- Desktop: Unduh dari (tautan tidak tersedia) → install. (Untuk instalasi, silakan hubungi tim IT terdekat Anda)
- Mobile: Download dari App Store/Play Store → hubungkan ke Wi-Fi Base Unit.

Mulai Share

1. Dengan Button:
- Colok ke laptop → tunggu LED penuh → tekan untuk share / tekan lama untuk ambil alih.
2. Dengan App:
- Pilih ruang meeting di daftar / ketik IP → masukkan passcode.
3. PresentSense:
- Aktifkan di pengaturan App → otomatis deteksi ruang meeting.

Screen Sharing

1. Button:
- Mirroring layar penuh.
- Tekan → start/stop.
- Tekan lama → ambil alih.
2. Desktop App:
- Pilih layar atau aplikasi yang mau di-share.
- Bisa pause/resume.
3. Mobile App:
- Share seluruh layar (tidak bisa pilih aplikasi saja).
4. 3rd Party:
- AirPlay, Google Cast, Miracast (pastikan konek ke Wi-Fi Base Unit).

Fitur Tambahan (khusus C-10)

1. Blackboarding & Annotation:
- Coret di layar sentuh.
- Simpan hasilnya ke USB/Base Unit.
2. Touch Back:
- Kontrol laptop langsung dari layar sentuh.
3. PowerPoint Presenter Mode:
- Lihat catatan presentasi tanpa layar tambahan.
4. Calendar Integration:
- Sinkron jadwal dari email.

Informasi lebih lanjut bisa dilihat dihttps://drive.google.com/file/d/1x1v75sjBu7McVtz4lkws66SiwBQ1QTzl/view?usp=drive_link


Semoga membantu!",Langkah Penggunaan Barco,usr.barco_usage_steps,kasih tau langkah penggunaan barco,bagaimana langkah penggunaan barco,butuh informasi langkah penggunaan barco,apa langkah penggunaan barco untuk menghubungkan perangkat ke aplikasi?,langkah penggunaan barco untuk berbagi layar menggunakan mobile app,bagaimana langkah penggunaan barco untuk memulai screen sharing?,butuh informasi langkah penggunaan barco untuk memulai berbagi tampilan?,kasih tau langkah penggunaan barco untuk menggunakan aplikasi di desktop,bagaimana langkah penggunaan barco untuk memilih layar atau aplikasi yang ingin di-share?,bagaimana langkah penggunaan barco untuk pertama kali saat meeting,bisa jelaskan cara pakai barco di laptop windows,saya butuh panduan penggunaan barco lewat hp android,tolong instruksi barco untuk aktifkan base unit dan pairing button,ada tutorial barco untuk screen sharing di macbook,minta langkah penggunaan barco khusus untuk aplikasi clickshare di desktop,bagaimana cara pakai barco supaya bisa mirroring layar penuh,panduan penggunaan barco untuk share layar lewat mobile ap,langkah penggunaan barco untuk aktifkan touch back dari layar ke laptop,tolong jelaskan panduan penggunaan barco di mode powerpoint presenter,saya butuh tutorial barco karena button sudah dicolok tapi belum pairing,ajarin cara pakai barco,barco tuh cara pakainya kek gimana sih ya?,penasaran untuk penggunaan barco itu bagaimana,jabarkan terkait penggunaan barco,kamu tahu barco? jelaskan cara pakainya,"saya masih belum tahu terkait penggunaan abrco, bisa bantu?",halo bisa kasih tahu bagaimana penggunaan barco itu,barco bisa dipakai kan? caranya gimana,seperti apa penggunaan barco yang benar itu,langkah-langkah untuk pemakaian barco,sediakan informasi terkait cara pakai barco,barco tuh kalau pakai gimana deh caranya,apa yang kamu tahu soal cara memakai barco,"soal pemakaian barco, punya infonya ga?","eh sorry belum paham soal barco, bisa kasih tahu itu cara pakainya gimana ga","aku ingin pakai barco, bisa pandu buat penggunaannya",panduan untuk barco ada engga kira-kira,"btw, barco umumnya pakainya kayak gimana","permisi, mekanisme dari pemakaian barco sendiri itu gimana?",mekanisme penggunaan barco dong kak,Cara pakai Barco gimana ya?,Langkah penggunaan Barco kayak gimana?,Tutorial menggunakan barco dong,Gimana sih make Barco?,Pakai Barco mulai dari mana?,Bisa kasih langkah-langkah Barco?,"Aku baru mau coba Barco, gimana caranya",Barco ini cara gunainnya gimana,Ada panduan penggunaan Barco ga?,Step by step pakai Barco gimana?,Langkah pakai ClickShare Barco gimana ya?,Tolong kasih tutorial penggunaan Barco,Boleh jelasin cara jalanin Barco,Langkah-langkah aktifin Barco apa aja?,Tolong tunjukin langkah setting Barco,Ada cara gampang pakai Barco nggak?,Barco gunainnya gimana?,Cara connect Barco ke laptop gimana?,Langkah pake Barco gimana ya?,Panduan Barco dong
10,Tidak bisa share screen di Barco,"Tidak Bisa Share Layar: Kemungkinan Penyebab & Solusi

1. Input layar salah:
- Pilih input yang benar di TV/proyektor.
2. Base Unit standby:
- Tekan tombol standby atau colok Button.
3. Button belum pairing:
- Pair ulang via USB-C Base Unit.
4. ClickShare App tidak berjalan:
- Jalankan manual dari drive Button / install Desktop App.
5. LED Button merah berkedip:
- Lepas & colok ulang.

Informasi lebih lanjut bisa dilihat dihttps://drive.google.com/file/d/1x1v75sjBu7McVtz4lkws66SiwBQ1QTzl/view?usp=drive_link



Semoga membantu!",Tidak bisa share screen di Barco,usr.barco_share_screen,"saya tidak bisa share screen di barco, ada solusinya?",tidak bisa share screen di barco padahal button sudah saya colok,barco saya tidak mau menampilkan layar walau base unit menyala,kok barco tidak mau share screen setelah pairing button,"saya sudah coba, tapi barco tetap tidak bisa menampilkan presentasi","layar saya tidak muncul di barco walau app sudah aktif
",barco gagal menampilkan layar penuh dari laptop saya,"tidak bisa share screen di barco, led button kedip merah",saya coba connect barco ke macbook tapi tidak bisa share layar,barco tidak mau share screen lewat aplikasi clickshare di desktop,kenapa barco tidak bisa menampilkan presentasi dari hp saya,barco gagal share screen lewat airplay di ipad,barco tidak bisa tampilkan screen lewat google cast,kenapa ya tidak bisa share screen di barco walaupun pairing sukses,barco saya tidak bisa share screen meskipun input tv sudah benar,kenapa barco ga bisa share screen setelah restart base unit,barco tidak bisa share screen dari laptop kantor saya,sudah colok button ke usb tapi barco tetap tidak bisa share screen,tidak bisa share screen di barco meski semua langkah sudah diikuti,barco tidak bisa menampilkan layar presentasi walau sudah install clickshare app,"ada masalah di barco, soalnya ga bisa share screen",apa yang salah nih kok ga bisa share screen di barco,punya solusi kalau barco ga bisa share layar,lah masa barco punyaku ga bisa di share layar,tipsnya dong buat atasi masalah barco tidak bisa share screen,kenapa share screen tidak bisa digunakan di barco,"waduh, kok malah ga bisa share screen di barco, padahal ada hal penting nih","kak bantuin urusin masalah error barco ini dong, ga bisa share layar",malah ga bisa share layar malahan nih barco,mekanisme perbaikan barco yang tidak dapat share screen,informasi mengenai solusi serta penyebab tidak bisa share layar di barco,"anehnya barco aku ga bisa share layar, kamu punya saran kah?","ih aku pingin pake barco cuma kok dia error ya, ga bisa share screen, terus gimana dong","waktu mau pakai barco malah ga bisa share layar, tahu ga kenapa","misal barco ga bisa dishare layarnya kira-kira itu tuh ada masalah apa, terus aku harus ngapain",benerin barco yang ga bisa share screen tuh gimana deh,"tahu ga barco nih ga bisa share screen, nah biar bener lagi diapain",infokan penyebab barco ga bisa share layar sama atasinya gimana,"barco ga bisa share screen, ada cara buat mengatasi masalah tersebut?","sewaktu saya memakai barco, dia tiba-tiba ga bisa share layar, disebabkan apa deh? kamu tahu tidak cara buat membetulkannya?",Kok ga bisa share screen di Barco ya?,Barco-nya ga mau tampil di layar.,Aku coba share pake Barco tapi ga muncul,kok ga bisa tampilkan layar pake Barco ya,Barconya gagal share screen nih,"Saya pencet tombol share di Barco, tapi layar tetap tidak muncul.",Kenapa Barco gagal terus saat share screen?,"Saya coba share screen di Barco, tapi tampilannya error",Kenapa saat pakai Barco layarnya malah tidak muncul?,Barco tidak berfungsi saat saya coba share presentasi,"Saya sudah ikuti langkah penggunaan, tapi Barco tidak bisa share layar saya",Kenapa layar saya tidak bisa terbaca lewat Barco?,Kenapa layar laptop saya ga kebaca di Barco?,Saya ga bisa share screen lewat Barco,"Udah dicoba beberapa kali, Barco ga tampil",Kenapa ya layar saya ga muncul di Barco?”,Ini Barco saya kenapa ya ga bisa connect?,Kenapa ya Barco saya ga bisa dipake share screen?,"Saya coba connect Barco, kok gagal terus ya?",Kenapa Barco saya ga berfungsi pas mau share screen?
11,Kualitas gambar buruk/lag,"Kualitas Gambar Buruk / Lag: Solusi

1. Pastikan tidak ada penghalang logam di sekitar Base Unit:
- Pastikan tidak ada objek logam yang dapat mengganggu sinyal wireless.
2. Naikkan power wireless signal di setting Base Unit:
- Tingkatkan kekuatan sinyal wireless di pengaturan Base Unit.
3. Gunakan laptop lebih bertenaga atau turunkan resolusi layar:
- Gunakan laptop dengan spesifikasi yang lebih tinggi atau turunkan resolusi layar untuk meningkatkan kinerja.
4. Gunakan aplikasi sharing (bukan full screen) untuk kurangi beban CPU:
- Gunakan aplikasi sharing yang tidak memerlukan full screen untuk mengurangi beban pada CPU.



Informasi lebih lanjut bisa dilihat dihttps://drive.google.com/file/d/1x1v75sjBu7McVtz4lkws66SiwBQ1QTzl/view?usp=drive_link

Semoga membantu!",Kualitas gambar buruk/lag,usr.poor_image_quality,"saat presentasi pakai barco, kualitas gambar buruk banget padahal jaringan lancar","kenapa tampilan barco saya delay terus, gambarnya jadi ga sinkron","kualitas gambar di barco turun, ada solusi cepatnya ga?",tampilan layar sering patah-patah saat sharing di barco,kualitas gambar buruk banget di barco meskipun resolusi sudah diturunin,kenapa ya layar jadi ngelag pas pakai barco,kualitas gambar buruk saat jalanin animasi di layar barco,tampilan di barco jadi blur walau laptop saya speknya tinggi,"kok visual di barco suka tersendat, apa ada settingan salah?",kualitas gambar buruk banget pas share full screen di barco,tampilan barco patah-patah padahal pakai wifi kantor stabil,saya coba jalanin video di barco tapi kualitas gambarnya turun,kenapa setiap buka aplikasi berat di barco gambarnya ngelag,"visual di layar barco jadi buram, kualitas turun jauh",kualitas gambar buruk saat share powerpoint di barco,"tampilan di barco sering freeze, ada yang tahu solusinya?",kualitas gambar jelek parah pas share layar dari hp ke barco,"barco saya sering delay kalau pindah slide, kualitasnya buruk","kualitas gambar buruk banget, presentasi jadi putus-putus di layar barco","tampilan barco tidak stabil, gambarnya sering tersendat",punya saran biar kualitas gambar yang buruk bisa membaik?,"terkait penggunaan barco, saya merasa sering terjadi lag, maka saya perlu lakukan apa?","woi kok gambarnya jelek ya kualitasnya, biar bagus gimana dah","pas pakai barco gambar kualitasnya jadi menurun, kira-kira biar jernih diapakan",langkah-langkah agar kualitas gambar menjadi jernih saat pemakaian barco,"aku sering pakai barco, cuma kok akhir-akhir ini sering lag, aku harus gimana nih",tahu solusi yang ampuh biar barco kualitas gambarnya ga buruk?,"baru tadi banget saat memakai barco kualitas gambar yang dihasilkan jelek, apakah ada cara mengatasi masalah tersebut",pas share screen kualitas gambarnya kok jelek sih,tips biar pas share screen gambar ga jelek,"eh gimana dong, ini tiap share screen kualitas gambarnya jelek masa","gimana sih barco nih, kalau share screen pasti kualitas gambarnya jadi jelek, ada solusi manjur ga biar bener-bener teratasi","ga tahu kenapa barco pas share screen sering banget lag, cara betulinnya gimana deh","biar lancar mulus, ga lag terus pas share screen pakai barco aku harus ngapain","min, tahu ga biar kualitas gambarku jernih pas share screen gimana","ketika memakai barco, gambar sering terjadi lag, solusi supaya lancar bagaimana deh",bagaimana ini kok kualitas gambar tidak bagus sewaktu share screen ,"barco aku pas share screen ga stabil, sering lag, gimana dong","halo min, biar tampilan barco stabil harus diapakan?",mungkin dari kamu ada saran biar tampilan barco bisa lebih stabil?,"Saya coba share, tapi kualitas gambarnya jelek banget",Kenapa ya gambar di layar lag terus,Barco saya kok gambarnya ga halus ya?,"Saya udah connect, tapi kualitas gambar buruk banget",Saya coba presentasi tapi gambarnya pecah-pecah,Barco saya kok lag banget pas jalanin video,Saya udah turunin resolusi tapi masih lag,Ini kenapa ya gambar di Barco ga jernih?,"Saya coba jalanin video, tapi gambarnya putus-putus","Saya coba presentasi, tapi gambarnya delay terus",Ini kenapa ya pas sharing layar jadi lag,Saya coba pakai Barco tapi gambarnya pecah-pecah,Kenapa layar Barco ga halus kaya biasanya ya?,Saya udah coba tapi kualitas gambar tetep buruk,Kenapa ya Barco saya lag parah pas presentasi?,"Tampilan Barco ga stabil, sering lag",Kok tiap jalanin video jadi patah-patah ya,Kenapa layar jadi buram ya?,Kenapa ya kualitasnya drop banget,Kenapa animasi jadi ngelag terus
12,Cara mengatasi paper jam pada printer HP MFP Series,"Jika terjadi kendala Paper Jam pada Printer HP MFP Series: 

1.         Ikuti panduan layar panel kontrol
Printer akan menunjukkan lokasi kemacetan (paper path).
Ikuti instruksi visual di layar untuk membuka bagian yang sesuai.
2.         Jika macet pada tray, coba cek bagian paper tray.
Baki Kertas (Tray 1, 2, 3) → Tarik baki keluar, keluarkan kertas yang tersangkut perlahan.
3.         Jika Macet padaPengumpan Dokumen Otomatis (ADF)
3.1 Matikan printer (opsional untuk keamanan)
Tidak wajib, tapi direkomendasikan jika harus membuka area fuser atau bagian dalam printer.
3.2 Buka penutup ADF, tarik kertas ke arah jalur masuk.
Area Fuser/Pintu Kanan → Buka pintu kanan, tarik kertas dengan dua tangan agar tidak robek.
3.3 Nampan Keluaran → Ambil kertas yang tersangkut di jalur keluaran.
3.4 Periksa sisa potongan kertas
Pastikan tidak ada potongan kecil atau serpihan kertas yang tertinggal di roller atau sensor.
4. Tutup kembali semua  tray dan pintu
Pastikan semua tertutup rapat sebelum menyalakan printer kembali.
5. Coba cetak ulang
Gunakan kertas yang kering, tidak melengkung, dan sesuai spesifikasi printer.
Pastikan pemandu kertas di baki disetel rapat ke ukuran kertas.

Petunjuk lebih lanjut bisa dilihat di: https://drive.google.com/file/d/1-TkqN7aYVEY8W09LUwsqDekssMiw0pN9/view?usp=drive_link",Cara mengatasi paper jam pada printer HP MFP Series,usr.how_to_fix_a_paper_jam_hp_mfp,cara mengatasi paper jam pada printer hp mfp series biar ga sering kejadian lagi,"printer hp mfp saya macet kertas, gimana cara benerinnya biar normal lagi",ada tutorial lengkap cara atasi paper jam di printer hp mfp series?,"kertas nyangkut di dalam printer hp mfp, cara mengatasi masalah ini gimana ya",cara mengatasi paper jam pada printer hp mfp series lewat panel kontrol,butuh panduan cara atasi paper jam di hp mfp yang stuck di tray 2,gimana cara keluarin kertas yang nyangkut tanpa bikin rusak printer hp mfp,cara mengatasi paper jam pada printer hp mfp series pas pake adf,"hp mfp saya sering macet di bagian keluaran, cara betulinnya gimana?","printer hp mfp series saya ga bisa narik kertas, cara benerinnya gimana ya",cara mengatasi paper jam pada printer hp mfp series dengan aman tanpa robek kertas,saya butuh solusi cara mengatasi paper jam pada printer hp mfp series,gimana cara benerin hp mfp yang sering error paper jam pas mau print banyak halaman,cara praktis untuk atasi paper jam di printer hp mfp series biar langsung bisa dipakai lagi,"printer hp mfp saya tiba-tiba macet kertas, ada cara gampang buat ngatasinnya?","hp mfp saya selalu paper jam kalau pake kertas tipis, cara ngatasinnya gimana",cara memperbaiki paper jam di printer hp mfp series yang sering kejadian di tray bawah,"kenapa hp mfp saya suka paper jam, cara benerinnya apa aja yang bisa dicoba",saya cari langkah detail cara atasi paper jam di hp mfp series dari awal sampai akhir,"butuh panduan cara mengatasi paper jam pada printer hp mfp series sekarang juga
",Bagaimana langkah yang tepat untuk mengatasi paper jam pada printer HP MFP Series?,Apa yang harus dilakukan jika terjadi kertas macet (paper jam) di printer HP MFP Series?,"ga sengaja pas pakai printer hp mfp series terjadi kendala paper jam, gimana deh","halo, ini printer hp mfp series punyaku kena paper jam, apa yang harus kulakukan",solusi supaya printer hp mfp series ga sering kena paper jam,paper jam di printer hp mfp series bisa diatasi dengan cara apa,memperbaiki printer hp mfp series yang mengalami paper jam,kasih panduan untuk membenarkan paper jam di printer hp mfp series,kalau paper jam terjadi di printer hp mfp series maka hal yang harus saya lakukan adalah,apa solusi yang disarankan untuk atasi paper jam di printer hp mfp series,"waduh ini aku ngeprint terus kertasnya macet, gimana dong","masalah nih printerku kena paper jam, aku harus ngapain",infokan panduan kalau printer hp mfp series terkendala paper jam,saran yang bisa saya ikuti apabila kertas macet saat melakukan print dengan printer hp mfp series,"printer hp mfp series milik saya sering terkendala paper jam, kamu punya cara membenarkannya kah","halo, apa kamu tahu seputar cara mengatasi paper jam printer hp mfp series","saat melakukan print, kertas mengalami macet, punya solusi aman untuk mengatasinya",bantuin dong ini printer hp mfp series punya ayahku terkendala paper jam,Apa tips agar paper jam tidak sering terjadi pada printer HP MFP Series?,Bisa dijelaskan cara menangani masalah paper jam pada HP MFP Series?,Kok printer HP MFP saya tiba-tiba paper jam ya?,"Kok printer HP MFP saya sering paper jam, ada solusi ga?","Saya mau cetak, tapi kertas nyangkut di HP MFP, cara ngatasinnya gimana?",Gimana sih cara ngeluarin kertas nyangkut di printer HP MFP Series?,"Printer saya paper jam terus, ini kenapa ya?",Cara benerin printer HP MFP saya yang kertasnya nyangkut gimana ya?,"Kok printer HP saya ga jalan karena paper jam, gimana benerinnya?",Cara atasi paper jam di printer HP MFP biar gak rusak gimana?,"Kalau paper jam di ADF HP MFP Series, cara benerinnya gimana ya?","Printer HP MFP saya error karena paper jam, cara ngatasinnya?","Saya udah cek tray tapi masih paper jam, solusinya apa?","Printer saya bunyi alarm paper jam, cara benerinnya gimana ya?",Gimana ya ngilangin error paper jam di layar HP MFP Series?,Cara gampang atasi paper jam di HP MFP gimana?,Saya butuh tutorial ngatasin paper jam di HP MFP,Gimana caranya biar paper jam di HP MFP gak sering?,Ada yang pernah ngalamin paper jam di HP MFP? Solusinya apa?,"Kok HP MFP ga narik kertas, malah paper jam?",Cara manual ngatasin paper jam HP MFP gimana?,Ada ga langkah cepat atasi paper jam di printer HP MFP?
13,Cara mengatasi hasil scan bermasalah di printer HP MFP Series,"Jika terjadi kendala pada hasil scan di Printer HP MFP Series: 

1. Periksa penempatan dokumen: Pastikan kertas rata di kaca flatbed atau sejajar dengan pemandu kertas pada ADF. Jangan memuat dokumen terlalu banyak di ADF, ikuti kapasitas maksimal (200 lembar untuk model ini).
2. Cek pemandu kertas (paper guides): Geser pemandu kertas di ADF hingga rapat dengan tepi dokumen, tapi jangan sampai menekuknya. Pemandu yang terlalu longgar akan membuat hasil scan miring.
3. Bersihkan roller ADF: Roller kotor atau berdebu bisa membuat kertas bergeser saat masuk. Gunakan kain bebas serabut yang sedikit dibasahi air untuk membersihkan.

Panduan lengkap bisa dibaca di: https://drive.google.com/file/d/1-TkqN7aYVEY8W09LUwsqDekssMiw0pN9/view?usp=drive_link",Cara mengatasi hasil scan bermasalah di printer HP MFP Series,usr.how_to_deal_with_scan_results_hp_mfp,cara mengatasi hasil scan bermasalah di printer hp mfp series kalau sering blur,butuh panduan cara mengatasi hasil scan bermasalah di printer hp mfp series biar ga miring,ada tips cara mengatasi hasil scan bermasalah di printer hp mfp series yang suka belang?,gimana sih cara mengatasi hasil scan bermasalah di printer hp mfp series kalau warnanya kusam,saya mau tau cara mengatasi hasil scan bermasalah di printer hp mfp series yang keluar setengah halaman,cara mengatasi hasil scan bermasalah di printer hp mfp series biar hasil lebih rata,ada solusi cara mengatasi hasil scan bermasalah di printer hp mfp series kalau sering ada garis halus,gimana cara mengatasi hasil scan bermasalah di printer hp mfp series pas dokumen suka miring masuk,minta info cara mengatasi hasil scan bermasalah di printer hp mfp series supaya ga burem,cara mengatasi hasil scan bermasalah di printer hp mfp series kalau bagian bawah selalu kepotong,ada trik cara mengatasi hasil scan bermasalah di printer hp mfp series yang suka ada bayangan hitam,saya perlu cara mengatasi hasil scan bermasalah di printer hp mfp series supaya lebih jelas dan tajam,saya cari langkah-langkah cara mengatasi hasil scan bermasalah di printer hp mfp series biar hasil ga buram,ada gak cara mengatasi hasil scan bermasalah di printer hp mfp series pas muncul shadow di pinggir kertas,gimana cara mengatasi hasil scan bermasalah di printer hp mfp series kalo warna selalu pudar,saya butuh tutorial cara mengatasi hasil scan bermasalah di printer hp mfp series secara lengkap,cara mengatasi hasil scan bermasalah di printer hp mfp series ketika dokumen keluar setengah,butuh langkah cara mengatasi hasil scan bermasalah di printer hp mfp series supaya dokumen tidak miring,ada solusi cara mengatasi hasil scan bermasalah di printer hp mfp series kalau hasilnya terlalu gelap?,tolong kasih tau cara mengatasi hasil scan bermasalah di printer hp mfp series kalau muncul garis vertikal,sediakan langkah supaya hasil scan yang bermasalah di printer hp mfp series bisa diatasi,apa kamu tahu kalau hasil scan printer hp mfp series bermasalah bisa diatasi dengan cara apa,jabarkan langkah atasi kendala pada hasil scan di printer hp mfp series,tahu ga nih di printer hp mfp series kalau sering ada masalah di hasil scannya bisa ngapain,"bantuin dong, biar ga masalah sama hasil scan di printer hp mfp series aku harus gimana","setiap melakukan scan pasti ada masalah, ada solusi kah",cara memperbaiki hasil scan printer hp mfp series yang kerap bermasalah,saran biar kalau mau scan hasilnya aman tanpa masalah,"halo, biar hasil scan tidak bermasalah saya perlu lakukan apa",tipsnya dong kak supaya hasil scan di printer hp mfp series ga sering bermasalah,"eh aneh banget, masa pas aku scan pake printer hp mfp series hasilnya ada kendala terus",bagaimana ini kok hasil scan saya terus bermasalah saat memakai printer hp mfp series,,jabarkan langkah-langkah untuk menangani hasil scan bermasalah di printer hp mfp series,"printer hp mfp series milik aku kalau dipakai scan hasilnya kurang memuaskan, gimana cara mengatasinya ya",boleh ga kamu berikan tips gitu supaya hasil scan bermasalah di printer hp mfp series bisa diatasi,hai bantuin aku dong biar hasil scan printer hp mfp series bisa bagus,"jika sering terjadi kendala pada hasil scan printer hp mfp series, maka langkah saya adalah","kasih pendapat ke aku kalau pas scan terus terjadi kendala di hasilnya, baiknya aku ngapain","kak, aku pusing kenapa hasil scan pakai printer hp mfp series sering bermasalah","hasil scan saya bermasalah nih, gimana ya cara ngatasinnya?",Cara mengatasi hasil scan bermasalah di printer HP MFP Series gimana ya?,"Kalau hasilnya buram, cara mengatasi hasil scan bermasalah di printer HP MFP Series bagaimana?",Cara mengatasi hasil scan bermasalah di printer HP MFP Series biar gak ada garis hitam gimana?,Ada panduan resmi ga tentang cara mengatasi hasil scan bermasalah di printer HP MFP Series?,"Tolong bantu, cara mengatasi hasil scan bermasalah di printer HP MFP Series apa aja langkahnya?",Tolong jelaskan cara mengatasi hasil scan bermasalah di printer HP MFP Series.,"Printer HP MFP Series saya kalau scan sering miring, cara memperbaikinya gimana?","Cara supaya hasil scan di HP MFP Series lebih jelas, soalnya sering burem",Ada tips cara mengatasi hasil scan bermasalah di HP MFP Series biar hasilnya lurus?,"Hasil scan saya pudar warnanya, apa ada solusi cara mengatasi di HP MFP Series?",Bagaimana mengatasi hasil scan bermasalah di HP MFP Series saat pakai ADF?,Mohon info cara memperbaiki hasil scan printer HP MFP Series yang bergaris,Kok hasil scan saya di HP MFP Series miring terus ya? Cara ngatasinnya gimana?,Gimana cara mengatasi hasil scan bermasalah di HP MFP Series biar warna lebih tajam?,"Hasil scan sering ke-crop setengah, gimana cara mengatasi di HP MFP Series?",Apa langkah-langkah cara mengatasi hasil scan bermasalah di HP MFP Series?,"Hasil scan HP MFP Series saya buram banget, cara biar tajem gimana?","Kok hasil scan saya selalu ada shadow hitam, ada cara memperbaikinya di HP MFP Series?","Hasil scan jadi belang-belang, ada yang tau cara memperbaiki di HP MFP Series?"
14,"Cara mengatasi paper jam pada printer Fuji Xerox Apeos Series: C2560, C2060, C3070, ApeosPort-V C2276 &
DocuCentre-VII C3373.","Paper Jam: Cara Mengeluarkan Kertas yang Macet

1. Ikuti instruksi di layar sentuh: Untuk mengetahui lokasi dan cara mengeluarkan kertas yang macet.
2. Dokumen Feeder (DADF):
- Buka penutup dokumen.
- Tarik kertas yang macet.
- Angkat tray feeder untuk mengeluarkan sisa dokumen.
3. Paper Tray 1–4 / Bypass Tray 5:
- Tarik tray.
- Keluarkan kertas yang macet.
- Lalu masukkan kembali.
4. Fusing Unit (A1):
- Buka Cover A.
- Tarik tuas [A1].
- Keluarkan kertas.
- Kembalikan tuas.
5. Center Tray Exit (A2):
- Buka Cover A.
- Tarik tuas [A2].
- Keluarkan kertas.
- Kembalikan tuas.
6. Duplex Unit (A3):
- Buka Cover A.
- Tarik tuas [A3].
- Keluarkan kertas.
- Kembalikan tuas.


Catatan: Hindari menyentuh area dengan label High Temperature dan area berpotensi tersengat listrik!
Jika membutuhkan petunjuk lebih lengkap silahkan klik link berikut: https://drive.google.com/file/d/179vlbkiro63A68H8g62-PVvhvhXeJrYm/view?usp=drive_link
Semoga membantu!",Cara mengatasi paper jam pada printer Fuji Xerox Apeos Series C2060,usr.how_to_fix_a_paper_jam_fuji,gimana cara mengatasi paper jam pada printer fuji xerox apeos series c3070 kalau macet pas print banyak halaman?,ada yang tau cara mengatasi paper jam pada printer fuji xerox apeos series c2560 di bagian tray?,mohon info cara mengatasi paper jam pada printer fuji xerox docucentre-vii c3373 biar gak sering kejadian.,cara mengatasi paper jam pada printer fuji xerox apeosport-v c2276 kalau kertas nyangkut di feeder gimana?,bisa jelasin cara mengatasi paper jam pada printer fuji xerox apeos series c2060 kalau nyangkut di duplex unit?,ada panduan cara mengatasi paper jam pada printer fuji xerox apeos series c3070 ga ya?,cara mengatasi paper jam pada printer fuji xerox docucentre-vii c3373 kalau kertas berhenti di tengah cetakan.,lagi butuh tutorial cara mengatasi paper jam pada printer fuji xerox apeosport-v c2276 di bagian output tray.,apa aja langkah aman cara mengatasi paper jam pada printer fuji xerox apeos series c2560?,cara mengatasi paper jam pada printer fuji xerox apeos series c2060 kalau macet di tray bypass.,tolong share cara mengatasi paper jam pada printer fuji xerox docucentre-vii c3373 step by step,ada trik gampang cara mengatasi paper jam pada printer fuji xerox apeos series c2560 di adf?,mohon dijelasin cara mengatasi paper jam pada printer fuji xerox docucentre-vii c3373 di bagian fuser.,saya cari tahu cara mengatasi paper jam pada printer fuji xerox apeosport-v c2276 yang sering macet pas duplex.,gimana cara mengatasi paper jam pada printer fuji xerox apeos series c2560 kalo kertas nyangkut di tengah jalan?,ada tips aman cara mengatasi paper jam pada printer fuji xerox apeos series c2060 tanpa merusak drum?,cara mengatasi paper jam pada printer fuji xerox apeos series c3070 biar proses cetak lancar lagi.,apa langkah-langkah cara mengatasi paper jam pada printer fuji xerox docucentre-vii c3373 di tray bawah?,bisa bantu cara mengatasi paper jam pada printer fuji xerox apeosport-v c2276 yang sering error?,cara mengatasi paper jam pada printer fuji xerox apeos series c2560 kalau kertas nyangkut pas scan.,panduan aman apabila kertas macet di printer fuji xerox apeos,Apa langkah-langkah untuk melepaskan kertas yang macet di Fuji Xerox Apeos C2060?,Bisa dijelaskan prosedur mengeluarkan kertas macet pada Fuji Xerox Apeos C2060?,kamu ada penyelesaian ga kalau terjadi paper jam pada printer fuji xerox apeos,"aku pakai printer fuji xerox apeos dan terkendala paper jam, gimana atasinya dong",Ada tips supaya paper jam di Fuji Xerox Apeos C2060 bisa cepat diatasi?,sarannya dong biar kertas yang macet bisa segera diatasi,mekansime keluarin kertas yang macet di printer fuji cerix apeos series c2060,Apa panduan resmi untuk mengatasi paper jam pada Fuji Xerox Apeos Series C2060?,kendala paper jam di printer fuji xerox apeos series c2060,"pingin tahu deh, cara yang benar setiap alami paper jam itu diapakan",informasi cara keluarkan kertas yang macet di printer fuji xerox apeos,"aku baru aja printer pakai fuji xerox apeos series c2060 terus malah macet, gimana dong",Apa solusi terbaik saat printer Fuji Xerox Apeos Series C2060 mengalami paper jam?,kira-kira kamu ada saran yang bisa membantuku ga buat atasi paper jam,apa yang bisa saya lakukan semisal printer fuji xerox apeos series c2060 sering paper jam,Apa saja tahapan yang harus diikuti untuk mengeluarkan kertas macet di Apeos Series C2060?,jelasin secara rinci cara mengeluarkan kertas yang macet di fuji xerox apeos series c2060,Bisa kasih tutorial singkat mengatasi paper jam pada Fuji Xerox C2060?,tutorialnya kak mengeluarkan kertas yang macet di fuji xerox apeos series c2060,Cara mengatasi paper jam pada printer Fuji Xerox Apeos Series C2060 gimana ya?,"Tolong bantu, printer Fuji Xerox Apeos C2060 saya sering paper jam, cara mengatasinya gimana?","Kalau kertas nyangkut di Fuji Xerox Apeos Series C2060, ada cara mudah mengatasinya gak?",Gimana cara mengatasi paper jam pada printer Fuji Xerox Apeos Series C2060 supaya gak sering kejadian?,"Printer saya Fuji Xerox Apeos C2060 sering macet kertas, cara ngatasinnya gimana?","Kalau kertas berhenti di tengah cetak, gimana cara mengatasi paper jam Fuji Xerox Apeos C2060?",Ada tips cara mengatasi paper jam pada printer Fuji Xerox Apeos Series C2060 biar lancar lagi?,Ada panduan cara mengatasi paper jam pada Fuji Xerox Apeos C2060?,Bagaimana cara memperbaiki paper jam di printer Apeos Series C2060?,"Kenapa printer Fuji Xerox Apeos C2060 sering paper jam, ada cara mengatasinya gak?",Apa langkah-langkah cara mengatasi paper jam pada Fuji Xerox Apeos C2060?,"Saya butuh solusi, Fuji Xerox Apeos C2060 terus-terusan paper jam, ada cara mengatasi?","Kalau kertas nyangkut dalam printer Fuji Xerox Apeos C2060, gimana cara ngeluarinnya dengan aman?",Ada trik cepat cara mengatasi paper jam pada printer Fuji Xerox Apeos C2060?,"Printer Fuji Xerox Apeos Series C2060 sering paper jam kalau cetak duplex, cara ngatasinnya?",Cara mengatasi paper jam pada Fuji Xerox Apeos Series C2060 biar gak merusak drum,Kenapa Apeos C2060 saya sering paper jam? Cara mengatasi biar gak terulang gimana?,"Kertas selalu nyangkut di bagian belakang Fuji Xerox Apeos C2060, cara mengatasinya gimana?","Kalau roller kotor, apakah itu penyebab paper jam di Fuji Xerox C2060? Gimana cara ngatasinnya?",Apa yang harus dilakukan untuk mengatasi paper jam di printer Fuji Xerox Apeos C2060?
15,"Cara mengatasi hasil scan bermasalah di printer Fuji Xerox Apeos Series: C2560, C2060, C3070, ApeosPort-V C2276 &
DocuCentre-VII C3373.","Kendala di Fitur Scan

Tidak Bisa Kirim Scan via Email
1. Alamat email salah/tidak terdaftar di Address Book: Pastikan alamat email benar dan terdaftar.
2. Pengaturan SMTP salah: Cek pengaturan SMTP (alamat server, port, autentikasi).
3. Jaringan internet printer terputus: Periksa koneksi jaringan LAN/Wi-Fi.
4. Ukuran file melebihi batas server email: Kecilkan ukuran file dengan resolusi lebih rendah atau kompres format PDF/JPEG.

Tidak Bisa Scan ke PC (Scan to Desktop)
1. PC tidak terhubung ke jaringan yang sama: Pastikan PC dan printer di jaringan yang sama.
2. Driver Scan/Client Software belum terpasang: Hubungi tim IT untuk instalasi driver Fuji Xerox Network Scanner Utility.

Scan Lambat atau Macet
1. Resolusi terlalu tinggi: Gunakan resolusi 200–300 dpi untuk dokumen teks.
2. File Besar: Pisahkan scan menjadi beberapa file kecil.

Jika membutuhkan petunjuk lebih lengkap silahkan klik link berikut: https://drive.google.com/file/d/179vlbkiro63A68H8g62-PVvhvhXeJrYm/view?usp=drive_link

Semoga membantu!
",Cara mengatasi hasil scan bermasalah di printer Fuji Xerox Apeos Series C2560,usr.how_to_deal_with_scan_results_fuji,bagaimana solusi scan error di printer fuji xerox apeos series apeosport-v c2276 saat driver scannya belum terdeteksi?,ada tips solusi scan error di printer fuji xerox apeos series c2560 saat hasil pdf terlalu besar untuk dikirim?,bagaimana cara mengatasi hasil scan  di printer fuji xerox yang file nya tidak bisa dikirim via email?,bagaimana solusi scan error di printer fuji xerox apeos series apeosport-v c2276 saat ukuran file melebihi limit server email?,bisa bantu jelaskan cara atasi masalah scan di printer fuji xerox apeos series c2560 kalau setiap kali macet di tengah proses?,ada solusi praktis untuk perbaiki hasil scan bermasalah di printer fuji xerox apeos series docucentre-vii c3373 yang selalu gagal kirim via email?,gimana solusi scan error di printer fuji xerox apeos series apeosport-v c2276 kalau jaringan lan sering disconnect?,bagaimana langkah perbaikan untuk atasi masalah scan di printer fuji xerox apeos series apeosport-v c2276 saat ukuran file melebihi batas server email? ,apa solusi scan error di printer fuji xerox apeos series c2060 kalau resolusi terlalu tinggi bikin gagal?,cara mengatasi hasil scan bermasalah di printer fuji xerox apeos series c2560 kalau setiap scan lambat banget gimana?,bisa kasih panduan cara atasi masalah scan di printer fuji xerox apeos series c3070 saat pc tidak mendeteksi printer?,ada cara mengatasi hasil scan bermasalah di printer fuji xerox apeos series c2060 kalau scan nya sering macet,apa yang bisa dilakukan untuk perbaiki hasil scan bermasalah di printer fuji xerox apeos series c2560 yang ukurannya selalu terlalu besar?,tolong jelaskan langkah cara mengatasi hasil scan bermasalah di printer fuji xerox apeos series docucentre-vii c3373 ketika tidak bisa kirim scan via email?,ada tips cara mengatasi hasil scan bermasalah di printer fuji xerox apeos series c2060 ketika scan macet di tengah jalan?,bagaimana memperbaiki hasil scan bermasalah di printer fuji xerox apeos series apeosport-v c2276 yang selalu lambat prosesnya?,bisa bantu jelasin cara atasi masalah scan di printer fuji xerox apeos series c2560 kalau gagal scan ke pc?,cara mengatasi hasil scan bermasalah di printer fuji xerox apeos series docucentre-vii c3373 kalau scan nya lambat gimana ya?,gimana cara mengatasi hasil scan bermasalah di printer fuji xerox apeos series c2060 kalau file pdf terlalu besar buat dikirim email?,ada solusi scan error di printer fuji xerox apeos series c3070 kalau jaringan wifi sering putus?,Bagaimana cara mengatasi masalah pada hasil scan di printer Fuji Xerox Apeos C2560?,"Kalau hasil scan dari Fuji Xerox Apeos C2560 bermasalah, apa yang harus dilakukan?","tipsnya dong kak, supaya hasil scan dari  fuji xerox apeos series c2560 ga bermasalah","pusing banget tiap scan pakai fuji xerox apeos series c2560 pasti bermasalah, harus gimana deh","ada beberapa kendala di fitur scan fuji xerox apeos series c2560, saya perlu bagaimana?",Bisa jelaskan solusi kalau printer Apeos C2560 bermasalah di fitur scannya?,"sepertinya terjadi kendala pada hasil scan fuji xerox apeos series, saya harus bagaimana",bisakah kamu menyediakan panduan bial terjadi masalh terkait hasil scan fuji xerox apeos,"printer fuji xerox apeos series c2560 miliknya memiliki sedikit kendala di bagian scan, ada tips atasinnya?","Kenapa scan di Fuji Xerox Apeos C2560 kadang lambat atau macet, dan bagaimana solusinya?",kenapa hasil scan printer fuji xerox apeos sering bermasalah ya? biar lancar adakah cara atasinya,Bagaimana cara mempercepat proses scan di Apeos Series C2560?,"Kalau scan di Apeos C2560 sering macet, apa yang sebaiknya dilakukan?","pasti ada aja kendala pas scan berkas pakai fuji xerox apeos c2560, aku harus gimana coba",kasih aku saran bagus biar tiap scan pakai apeos c2560 ga sering error,apa solusi yang bisa kamu berikan terkait kendala fitur scan apeos series c2560,sebaiknya aku melakukan tindakan apa kalau mengalami kendala di fitur scan apeos series c2560,"ini printer fuji xerox apeos series c2560 sering banget bermasalah dibagian hasil scan, aku gimanain biar bener",jabarkan solusi yang kamu miliki supaya bisa atasi kendala di fitur scan printer fuji xerox apeos series c2560,Apa saja yang harus dilakukan kalau scan di printer Fuji Xerox Apeos C2560 gagal?,Cara mengatasi hasil scan bermasalah di printer Fuji Xerox Apeos Series C2560 gimana ya?,Kenapa hasil scan di Fuji Xerox Apeos Series C2560 tidak bisa dikirim ke PC?,Cara memperbaiki masalah scan lambat di Fuji Xerox Apeos C2560 gimana ya?,"Printer Fuji Xerox C2560 hasil scannya bermasalah, ada solusi gak?",Bagaimana cara memperbaiki hasil scan yang jelek di Apeos C2560?,"Printer Fuji Xerox Apeos C2560 saya tidak bisa scan ke email, bagaimana solusinya?",Ada panduan untuk mengatasi masalah hasil scan di Fuji Xerox C2560?,"Kalau scan ke komputer gagal di Fuji Xerox Apeos C2560, apa yang harus dicek?","Bagaimana mengatasi hasil scan Fuji Xerox C2560 yang ukurannya terlalu besar?
",Ada solusi kalau hasil scan Fuji Xerox Apeos C2560 tidak bisa terkirim via email?,Kenapa scan di Fuji Xerox Apeos Series C2560 sering macet?,Ada tips supaya hasil scan di Fuji Xerox Apeos Series C2560 lebih cepat?,Bagaimana mengatasi scan Fuji Xerox Apeos C2560 yang tidak terbaca di PC?,Solusi scan ke desktop tidak muncul dari Fuji Xerox Apeos C2560 gimana?,Cara atasi error scan di Fuji Xerox Apeos Series C2560 apa aja?,Apa langkah perbaikan jika scan di Fuji Xerox Apeos C2560 terlalu lama?,Apa yang harus dilakukan jika scan ke PC dari Fuji Xerox C2560 gagal tersimpan?,Apa cara mengatasi scan Fuji Xerox Apeos C2560 yang hasilnya terpotong?,Apa yang perlu diperiksa jika scan di Fuji Xerox Apeos Series C2560 gagal?,Bisa jelaskan langkah mengatasi masalah scan di printer Fuji Xerox Apeos C2560?